{
  "type": "FeatureCollection",
  "features": [
    {
      "type": "Feature",
      "properties": {
        "callsign": "BAW447",
        "route": "London -> BRU",
        "targetId": "T001",
        "stroke": "#1e3a8a",
        "stroke-width": 2,
        "stroke-opacity": 0.7
      },
      "geometry": {
        "type": "LineString",
        "coordinates": [
          [
            1.79893,
            52.27744
          ],
          [
            1.8098,
            52.27057
          ],
          [
            1.82067,
            52.26371
          ],
          [
            1.83153,
            52.25685
          ],
          [
            1.8424,
            52.24999
          ],
          [
            1.85327,
            52.24312
          ],
          [
            1.86414,
            52.23626
          ],
          [
            1.87501,
            52.2294
          ],
          [
            1.88588,
            52.22254
          ],
          [
            1.90761,
            52.20881
          ],
          [
            1.91848,
            52.20195
          ],
          [
            1.92935,
            52.19509
          ],
          [
            1.94022,
            52.18823
          ],
          [
            1.95109,
            52.18136
          ],
          [
            1.96196,
            52.1745
          ],
          [
            1.97283,
            52.16764
          ],
          [
            1.98369,
            52.16078
          ],
          [
            1.99456,
            52.15391
          ],
          [
            2.0163,
            52.14019
          ],
          [
            2.02717,
            52.13333
          ],
          [
            2.03804,
            52.12647
          ],
          [
            2.0489,
            52.1196
          ],
          [
            2.05977,
            52.11274
          ],
          [
            2.07064,
            52.10588
          ],
          [
            2.08151,
            52.09902
          ],
          [
            2.09238,
            52.09215
          ],
          [
            2.10325,
            52.08529
          ],
          [
            2.12498,
            52.07157
          ],
          [
            2.13585,
            52.0647
          ],
          [
            2.14672,
            52.05784
          ],
          [
            2.15759,
            52.05098
          ],
          [
            2.16846,
            52.04412
          ],
          [
            2.17933,
            52.03726
          ],
          [
            2.1902,
            52.03039
          ],
          [
            2.20106,
            52.02353
          ],
          [
            2.21193,
            52.01667
          ],
          [
            2.23367,
            52.00294
          ],
          [
            2.24454,
            51.99608
          ],
          [
            2.25541,
            51.98922
          ],
          [
            2.26627,
            51.98236
          ],
          [
            2.27714,
            51.97549
          ],
          [
            2.28801,
            51.96863
          ],
          [
            2.29888,
            51.96177
          ],
          [
            2.30975,
            51.95491
          ],
          [
            2.32062,
            51.94805
          ],
          [
            2.34235,
            51.93432
          ],
          [
            2.35322,
            51.92746
          ],
          [
            2.36409,
            51.9206
          ],
          [
            2.37496,
            51.91373
          ],
          [
            2.38583,
            51.90687
          ],
          [
            2.3967,
            51.90001
          ],
          [
            2.40757,
            51.89315
          ],
          [
            2.41843,
            51.88628
          ],
          [
            2.4293,
            51.87942
          ],
          [
            2.45104,
            51.8657
          ],
          [
            2.46191,
            51.85884
          ],
          [
            2.47278,
            51.85197
          ],
          [
            2.48364,
            51.84511
          ],
          [
            2.49451,
            51.83825
          ],
          [
            2.50101,
            51.82945
          ],
          [
            2.5075,
            51.82066
          ],
          [
            2.514,
            51.81186
          ],
          [
            2.5205,
            51.80307
          ],
          [
            2.53349,
            51.78548
          ],
          [
            2.53998,
            51.77668
          ],
          [
            2.54648,
            51.76788
          ],
          [
            2.55298,
            51.75909
          ],
          [
            2.55947,
            51.75029
          ],
          [
            2.56597,
            51.7415
          ],
          [
            2.57246,
            51.7327
          ],
          [
            2.57896,
            51.72391
          ],
          [
            2.58545,
            51.71511
          ],
          [
            2.59845,
            51.69752
          ],
          [
            2.60494,
            51.68873
          ],
          [
            2.61144,
            51.67993
          ],
          [
            2.61793,
            51.67113
          ],
          [
            2.62443,
            51.66234
          ],
          [
            2.63093,
            51.65354
          ],
          [
            2.63742,
            51.64475
          ],
          [
            2.64392,
            51.63595
          ],
          [
            2.65041,
            51.62716
          ],
          [
            2.6634,
            51.60957
          ],
          [
            2.6699,
            51.60077
          ],
          [
            2.6764,
            51.59197
          ],
          [
            2.68289,
            51.58318
          ],
          [
            2.68939,
            51.57438
          ],
          [
            2.69588,
            51.56559
          ],
          [
            2.70238,
            51.55679
          ],
          [
            2.70887,
            51.548
          ],
          [
            2.71537,
            51.5392
          ],
          [
            2.72836,
            51.52161
          ],
          [
            2.73486,
            51.51282
          ],
          [
            2.74135,
            51.50402
          ],
          [
            2.74785,
            51.49522
          ],
          [
            2.75435,
            51.48643
          ],
          [
            2.76084,
            51.47763
          ],
          [
            2.76734,
            51.46884
          ],
          [
            2.77383,
            51.46004
          ],
          [
            2.78033,
            51.45125
          ],
          [
            2.79332,
            51.43366
          ],
          [
            2.79982,
            51.42486
          ],
          [
            2.80631,
            51.41606
          ],
          [
            2.81281,
            51.40727
          ],
          [
            2.8193,
            51.39847
          ],
          [
            2.8258,
            51.38968
          ],
          [
            2.83229,
            51.38088
          ],
          [
            2.83879,
            51.37209
          ],
          [
            2.84529,
            51.36329
          ]
        ]
      }
    },
    {
      "type": "Feature",
      "properties": {
        "callsign": "DLH612",
        "route": "Frankfurt -> BRU",
        "targetId": "T002",
        "stroke": "#1e3a8a",
        "stroke-width": 2,
        "stroke-opacity": 0.7
      },
      "geometry": {
        "type": "LineString",
        "coordinates": [
          [
            7.60594,
            51.02666
          ],
          [
            7.59057,
            51.02666
          ],
          [
            7.5752,
            51.02666
          ],
          [
            7.55983,
            51.02666
          ],
          [
            7.54446,
            51.02666
          ],
          [
            7.52909,
            51.02666
          ],
          [
            7.51372,
            51.02666
          ],
          [
            7.49835,
            51.02666
          ],
          [
            7.48298,
            51.02666
          ],
          [
            7.45224,
            51.02666
          ],
          [
            7.43687,
            51.02666
          ],
          [
            7.4215,
            51.02666
          ],
          [
            7.40613,
            51.02666
          ],
          [
            7.39076,
            51.02666
          ],
          [
            7.37539,
            51.02666
          ],
          [
            7.36001,
            51.02666
          ],
          [
            7.34464,
            51.02666
          ],
          [
            7.32927,
            51.02666
          ],
          [
            7.29853,
            51.02666
          ],
          [
            7.28316,
            51.02666
          ],
          [
            7.26779,
            51.02666
          ],
          [
            7.25242,
            51.02666
          ],
          [
            7.23705,
            51.02666
          ],
          [
            7.22168,
            51.02666
          ],
          [
            7.20631,
            51.02666
          ],
          [
            7.19094,
            51.02666
          ],
          [
            7.17557,
            51.02666
          ],
          [
            7.14483,
            51.02666
          ],
          [
            7.12946,
            51.02666
          ],
          [
            7.11409,
            51.02666
          ],
          [
            7.09872,
            51.02666
          ],
          [
            7.08335,
            51.02666
          ],
          [
            7.06798,
            51.02666
          ],
          [
            7.05261,
            51.02666
          ],
          [
            7.03724,
            51.02666
          ],
          [
            7.02187,
            51.02666
          ],
          [
            6.99113,
            51.02666
          ],
          [
            6.97576,
            51.02666
          ],
          [
            6.96038,
            51.02666
          ],
          [
            6.94501,
            51.02666
          ],
          [
            6.92964,
            51.02666
          ],
          [
            6.91427,
            51.02666
          ],
          [
            6.8989,
            51.02666
          ],
          [
            6.88353,
            51.02666
          ],
          [
            6.86816,
            51.02666
          ],
          [
            6.83742,
            51.02666
          ],
          [
            6.82205,
            51.02666
          ],
          [
            6.80668,
            51.02666
          ],
          [
            6.79131,
            51.02666
          ],
          [
            6.77594,
            51.02666
          ],
          [
            6.76109,
            51.02415
          ],
          [
            6.74625,
            51.02164
          ],
          [
            6.7314,
            51.01913
          ],
          [
            6.71655,
            51.01662
          ],
          [
            6.68686,
            51.01159
          ],
          [
            6.67201,
            51.00908
          ],
          [
            6.65717,
            51.00657
          ],
          [
            6.64232,
            51.00406
          ],
          [
            6.62747,
            51.00154
          ],
          [
            6.61263,
            50.99903
          ],
          [
            6.59778,
            50.99652
          ],
          [
            6.58293,
            50.99401
          ],
          [
            6.56809,
            50.9915
          ],
          [
            6.53839,
            50.98647
          ],
          [
            6.52355,
            50.98396
          ],
          [
            6.5087,
            50.98145
          ],
          [
            6.49385,
            50.97894
          ],
          [
            6.47901,
            50.97643
          ],
          [
            6.46416,
            50.97391
          ],
          [
            6.44931,
            50.9714
          ],
          [
            6.43447,
            50.96889
          ],
          [
            6.41962,
            50.96638
          ],
          [
            6.38993,
            50.96136
          ],
          [
            6.37508,
            50.95884
          ],
          [
            6.36023,
            50.95633
          ],
          [
            6.34539,
            50.95382
          ],
          [
            6.33054,
            50.95131
          ],
          [
            6.31569,
            50.9488
          ],
          [
            6.30085,
            50.94629
          ],
          [
            6.286,
            50.94377
          ],
          [
            4.46282,
            50.86497
          ],
          [
            4.43209,
            50.86497
          ],
          [
            4.41672,
            50.86497
          ],
          [
            4.40136,
            50.86497
          ],
          [
            4.38599,
            50.86497
          ],
          [
            4.37063,
            50.86497
          ],
          [
            6.16723,
            50.92368
          ],
          [
            6.15238,
            50.92117
          ],
          [
            6.13753,
            50.91866
          ],
          [
            6.12269,
            50.91614
          ],
          [
            6.09299,
            50.91112
          ],
          [
            6.07815,
            50.90861
          ],
          [
            6.0633,
            50.9061
          ],
          [
            6.04845,
            50.90359
          ],
          [
            6.03361,
            50.90107
          ],
          [
            6.01876,
            50.89856
          ],
          [
            6.00391,
            50.89605
          ],
          [
            5.98907,
            50.89354
          ],
          [
            5.97422,
            50.89103
          ],
          [
            5.94453,
            50.886
          ],
          [
            5.92968,
            50.88349
          ],
          [
            5.91484,
            50.88098
          ],
          [
            5.89999,
            50.87847
          ],
          [
            5.88514,
            50.87596
          ],
          [
            5.8703,
            50.87344
          ],
          [
            5.85545,
            50.87093
          ],
          [
            5.8406,
            50.86842
          ],
          [
            5.82576,
            50.86591
          ]
        ]
      }
    },
    {
      "type": "Feature",
      "properties": {
        "callsign": "AFR2840",
        "route": "Paris -> BRU",
        "targetId": "T003",
        "stroke": "#1e3a8a",
        "stroke-width": 2,
        "stroke-opacity": 0.7
      },
      "geometry": {
        "type": "LineString",
        "coordinates": [
          [
            2.08348,
            49.5064
          ],
          [
            2.09435,
            49.51326
          ],
          [
            2.10522,
            49.52012
          ],
          [
            2.11608,
            49.52698
          ],
          [
            2.12695,
            49.53384
          ],
          [
            2.13782,
            49.54071
          ],
          [
            2.14869,
            49.54757
          ],
          [
            2.15956,
            49.55443
          ],
          [
            2.17043,
            49.56129
          ],
          [
            2.19216,
            49.57502
          ],
          [
            2.20303,
            49.58188
          ],
          [
            2.2139,
            49.58874
          ],
          [
            2.22477,
            49.59561
          ],
          [
            2.23564,
            49.60247
          ],
          [
            2.24651,
            49.60933
          ],
          [
            2.25737,
            49.61619
          ],
          [
            2.26824,
            49.62305
          ],
          [
            2.27911,
            49.62992
          ],
          [
            2.30085,
            49.64364
          ],
          [
            2.31172,
            49.6505
          ],
          [
            2.32259,
            49.65737
          ],
          [
            2.33345,
            49.66423
          ],
          [
            2.34432,
            49.67109
          ],
          [
            2.35519,
            49.67795
          ],
          [
            2.36606,
            49.68482
          ],
          [
            2.37693,
            49.69168
          ],
          [
            2.3878,
            49.69854
          ],
          [
            2.40953,
            49.71226
          ],
          [
            2.4204,
            49.71913
          ],
          [
            2.43127,
            49.72599
          ],
          [
            2.44214,
            49.73285
          ],
          [
            2.45301,
            49.73971
          ],
          [
            2.46388,
            49.74658
          ],
          [
            2.47474,
            49.75344
          ],
          [
            2.48561,
            49.7603
          ],
          [
            2.49648,
            49.76716
          ],
          [
            2.51822,
            49.78089
          ],
          [
            2.52909,
            49.78775
          ],
          [
            2.53996,
            49.79461
          ],
          [
            2.55082,
            49.80147
          ],
          [
            2.56169,
            49.80834
          ],
          [
            2.57256,
            49.8152
          ],
          [
            2.58343,
            49.82206
          ],
          [
            2.5943,
            49.82892
          ],
          [
            2.60517,
            49.83579
          ],
          [
            2.6269,
            49.84951
          ],
          [
            2.63777,
            49.85637
          ],
          [
            2.64864,
            49.86324
          ],
          [
            2.65951,
            49.8701
          ],
          [
            2.67038,
            49.87696
          ],
          [
            2.68125,
            49.88382
          ],
          [
            2.69211,
            49.89068
          ],
          [
            2.70298,
            49.89755
          ],
          [
            2.71385,
            49.90441
          ],
          [
            2.73559,
            49.91813
          ],
          [
            2.74646,
            49.925
          ],
          [
            2.75732,
            49.93186
          ],
          [
            2.76819,
            49.93872
          ],
          [
            2.77906,
            49.94558
          ],
          [
            2.78675,
            49.95399
          ],
          [
            2.79443,
            49.96239
          ],
          [
            2.80212,
            49.9708
          ],
          [
            2.8098,
            49.9792
          ],
          [
            2.82517,
            49.99601
          ],
          [
            2.83286,
            50.00441
          ],
          [
            2.84054,
            50.01282
          ],
          [
            2.84823,
            50.02122
          ],
          [
            2.85591,
            50.02963
          ],
          [
            2.8636,
            50.03803
          ],
          [
            2.87128,
            50.04644
          ],
          [
            2.87897,
            50.05484
          ],
          [
            2.88665,
            50.06325
          ],
          [
            2.90203,
            50.08006
          ],
          [
            2.90971,
            50.08846
          ],
          [
            2.9174,
            50.09686
          ],
          [
            2.92508,
            50.10527
          ],
          [
            2.93277,
            50.11367
          ],
          [
            2.94045,
            50.12208
          ],
          [
            2.94814,
            50.13048
          ],
          [
            2.95582,
            50.13889
          ],
          [
            2.96351,
            50.14729
          ],
          [
            2.97888,
            50.1641
          ],
          [
            2.98656,
            50.17251
          ],
          [
            2.99425,
            50.18091
          ],
          [
            3.00193,
            50.18931
          ],
          [
            3.00962,
            50.19772
          ],
          [
            3.0173,
            50.20612
          ],
          [
            3.02499,
            50.21453
          ],
          [
            3.03267,
            50.22293
          ],
          [
            3.04036,
            50.23134
          ],
          [
            3.05573,
            50.24815
          ],
          [
            3.06341,
            50.25655
          ],
          [
            3.0711,
            50.26496
          ],
          [
            3.07878,
            50.27336
          ],
          [
            3.08647,
            50.28177
          ],
          [
            3.09415,
            50.29017
          ],
          [
            3.10184,
            50.29857
          ],
          [
            3.10953,
            50.30698
          ],
          [
            3.11721,
            50.31538
          ],
          [
            3.13258,
            50.33219
          ],
          [
            3.14027,
            50.3406
          ],
          [
            3.14795,
            50.349
          ],
          [
            3.15564,
            50.35741
          ],
          [
            3.16332,
            50.36581
          ],
          [
            3.17101,
            50.37422
          ],
          [
            3.17869,
            50.38262
          ],
          [
            3.18638,
            50.39102
          ],
          [
            3.19406,
            50.39943
          ]
        ]
      }
    },
    {
      "type": "Feature",
      "properties": {
        "callsign": "KLM1234",
        "route": "Amsterdam -> BRU",
        "targetId": "T004",
        "stroke": "#1e3a8a",
        "stroke-width": 2,
        "stroke-opacity": 0.7
      },
      "geometry": {
        "type": "LineString",
        "coordinates": [
          [
            4.49127,
            52.63438
          ],
          [
            4.49127,
            52.62514
          ],
          [
            4.49127,
            52.61589
          ],
          [
            4.49127,
            52.60665
          ],
          [
            4.49127,
            52.59741
          ],
          [
            4.49127,
            52.58817
          ],
          [
            4.49127,
            52.57892
          ],
          [
            4.49127,
            52.56968
          ],
          [
            4.49127,
            52.56044
          ],
          [
            4.49127,
            52.54195
          ],
          [
            4.49127,
            52.53271
          ],
          [
            4.49127,
            52.52347
          ],
          [
            4.49127,
            52.51423
          ],
          [
            4.49127,
            52.50498
          ],
          [
            4.49127,
            52.49574
          ],
          [
            4.49127,
            52.4865
          ],
          [
            4.49127,
            52.47726
          ],
          [
            4.49127,
            52.46801
          ],
          [
            4.49127,
            52.44953
          ],
          [
            4.49127,
            52.44028
          ],
          [
            4.49127,
            52.43104
          ],
          [
            4.49127,
            52.4218
          ],
          [
            4.49127,
            52.41256
          ],
          [
            4.49127,
            52.40331
          ],
          [
            4.49127,
            52.39407
          ],
          [
            4.49127,
            52.38483
          ],
          [
            4.49127,
            52.37559
          ],
          [
            4.49127,
            52.3571
          ],
          [
            4.49127,
            52.34786
          ],
          [
            4.49127,
            52.33862
          ],
          [
            4.49127,
            52.32937
          ],
          [
            4.49127,
            52.32013
          ],
          [
            4.49127,
            52.31089
          ],
          [
            4.49127,
            52.30165
          ],
          [
            4.49127,
            52.2924
          ],
          [
            4.49127,
            52.28316
          ],
          [
            4.49127,
            52.26467
          ],
          [
            4.49127,
            52.25543
          ],
          [
            4.49127,
            52.24619
          ],
          [
            4.49127,
            52.23695
          ],
          [
            4.49127,
            52.2277
          ],
          [
            4.49127,
            52.21846
          ],
          [
            4.49127,
            52.20922
          ],
          [
            4.49127,
            52.19998
          ],
          [
            4.49127,
            52.19073
          ],
          [
            4.49127,
            52.17225
          ],
          [
            4.49127,
            52.16301
          ],
          [
            4.49127,
            52.15376
          ],
          [
            4.49127,
            52.14452
          ],
          [
            4.49127,
            52.13528
          ],
          [
            4.49127,
            52.12604
          ],
          [
            4.49127,
            52.11679
          ],
          [
            4.49127,
            52.10755
          ],
          [
            4.49127,
            52.09831
          ],
          [
            4.49127,
            52.07982
          ],
          [
            4.49127,
            52.07058
          ],
          [
            4.49127,
            52.06134
          ],
          [
            4.49127,
            52.05209
          ],
          [
            4.49127,
            52.04285
          ],
          [
            4.49127,
            52.03361
          ],
          [
            4.49127,
            52.02437
          ],
          [
            4.49127,
            52.01512
          ],
          [
            4.49127,
            52.00588
          ],
          [
            4.49382,
            51.98754
          ],
          [
            4.49636,
            51.97843
          ],
          [
            4.4989,
            51.96933
          ],
          [
            4.50144,
            51.96023
          ],
          [
            4.50398,
            51.95113
          ],
          [
            4.50653,
            51.94203
          ],
          [
            4.50907,
            51.93292
          ],
          [
            4.51161,
            51.92382
          ],
          [
            4.51415,
            51.91472
          ],
          [
            4.51924,
            51.89651
          ],
          [
            4.52178,
            51.88741
          ],
          [
            4.52432,
            51.87831
          ],
          [
            4.52686,
            51.86921
          ],
          [
            4.5294,
            51.86011
          ],
          [
            4.53195,
            51.851
          ],
          [
            4.53449,
            51.8419
          ],
          [
            4.53703,
            51.8328
          ],
          [
            4.53957,
            51.8237
          ],
          [
            4.54466,
            51.80549
          ],
          [
            4.5472,
            51.79639
          ],
          [
            4.54974,
            51.78729
          ],
          [
            4.55228,
            51.77819
          ],
          [
            4.55482,
            51.76908
          ],
          [
            4.55736,
            51.75998
          ],
          [
            4.55991,
            51.75088
          ],
          [
            4.56245,
            51.74178
          ],
          [
            4.56499,
            51.73267
          ],
          [
            4.57007,
            51.71447
          ],
          [
            4.57262,
            51.70537
          ],
          [
            4.57516,
            51.69627
          ],
          [
            4.5777,
            51.68716
          ],
          [
            4.58024,
            51.67806
          ],
          [
            4.58278,
            51.66896
          ],
          [
            4.58533,
            51.65986
          ],
          [
            4.58787,
            51.65075
          ],
          [
            4.59041,
            51.64165
          ],
          [
            4.59549,
            51.62345
          ],
          [
            4.59804,
            51.61435
          ],
          [
            4.60058,
            51.60524
          ],
          [
            4.60312,
            51.59614
          ],
          [
            4.60566,
            51.58704
          ],
          [
            4.6082,
            51.57794
          ],
          [
            4.61075,
            51.56883
          ],
          [
            4.61329,
            51.55973
          ],
          [
            4.61583,
            51.55063
          ]
        ]
      }
    },
    {
      "type": "Feature",
      "properties": {
        "callsign": "SAS535",
        "route": "Copenhagen -> BRU",
        "targetId": "T005",
        "stroke": "#1e3a8a",
        "stroke-width": 2,
        "stroke-opacity": 0.7
      },
      "geometry": {
        "type": "LineString",
        "coordinates": [
          [
            5.48194,
            53.08366
          ],
          [
            5.47668,
            53.07454
          ],
          [
            5.47142,
            53.06542
          ],
          [
            5.46617,
            53.0563
          ],
          [
            5.46091,
            53.04718
          ],
          [
            5.45565,
            53.03806
          ],
          [
            5.4504,
            53.02894
          ],
          [
            5.44514,
            53.01982
          ],
          [
            5.43988,
            53.0107
          ],
          [
            5.42937,
            52.99246
          ],
          [
            5.42411,
            52.98334
          ],
          [
            5.41885,
            52.97422
          ],
          [
            5.4136,
            52.96511
          ],
          [
            5.40834,
            52.95599
          ],
          [
            5.40308,
            52.94687
          ],
          [
            5.39783,
            52.93775
          ],
          [
            5.39257,
            52.92863
          ],
          [
            5.38731,
            52.91951
          ],
          [
            5.3768,
            52.90127
          ],
          [
            5.37154,
            52.89215
          ],
          [
            5.36628,
            52.88303
          ],
          [
            5.36103,
            52.87391
          ],
          [
            5.35577,
            52.86479
          ],
          [
            5.35051,
            52.85567
          ],
          [
            5.34526,
            52.84655
          ],
          [
            5.34,
            52.83743
          ],
          [
            5.33474,
            52.82831
          ],
          [
            5.32423,
            52.81007
          ],
          [
            5.31897,
            52.80095
          ],
          [
            5.31371,
            52.79183
          ],
          [
            5.30846,
            52.78272
          ],
          [
            5.3032,
            52.7736
          ],
          [
            5.29794,
            52.76448
          ],
          [
            5.29269,
            52.75536
          ],
          [
            5.28743,
            52.74624
          ],
          [
            5.28217,
            52.73712
          ],
          [
            5.27166,
            52.71888
          ],
          [
            5.2664,
            52.70976
          ],
          [
            5.26115,
            52.70064
          ],
          [
            5.25589,
            52.69152
          ],
          [
            5.25063,
            52.6824
          ],
          [
            5.24537,
            52.67328
          ],
          [
            5.24012,
            52.66416
          ],
          [
            5.23486,
            52.65504
          ],
          [
            5.2296,
            52.64592
          ],
          [
            5.21909,
            52.62768
          ],
          [
            5.21383,
            52.61856
          ],
          [
            5.20858,
            52.60945
          ],
          [
            5.20332,
            52.60033
          ],
          [
            5.19806,
            52.59121
          ],
          [
            5.18925,
            52.58326
          ],
          [
            5.18043,
            52.57531
          ],
          [
            5.17161,
            52.56736
          ],
          [
            5.1628,
            52.55941
          ],
          [
            5.14516,
            52.54351
          ],
          [
            5.13635,
            52.53556
          ],
          [
            5.12753,
            52.52761
          ],
          [
            5.11872,
            52.51966
          ],
          [
            5.1099,
            52.51171
          ],
          [
            5.10108,
            52.50376
          ],
          [
            5.09227,
            52.49581
          ],
          [
            5.08345,
            52.48786
          ],
          [
            5.07464,
            52.47991
          ],
          [
            5.057,
            52.46401
          ],
          [
            5.04819,
            52.45606
          ],
          [
            5.03937,
            52.44811
          ],
          [
            5.03056,
            52.44016
          ],
          [
            5.02174,
            52.43221
          ],
          [
            5.01292,
            52.42426
          ],
          [
            5.00411,
            52.41631
          ],
          [
            4.99529,
            52.40836
          ],
          [
            4.98648,
            52.40041
          ],
          [
            4.96884,
            52.38451
          ],
          [
            4.96003,
            52.37657
          ],
          [
            4.95121,
            52.36862
          ],
          [
            4.94239,
            52.36067
          ],
          [
            4.93358,
            52.35272
          ],
          [
            4.92476,
            52.34477
          ],
          [
            4.91595,
            52.33682
          ],
          [
            4.90713,
            52.32887
          ],
          [
            4.40591,
            50.91886
          ],
          [
            4.39538,
            50.90063
          ],
          [
            4.39012,
            50.89156
          ],
          [
            4.38485,
            50.88248
          ],
          [
            4.37959,
            50.87332
          ],
          [
            4.37432,
            50.86425
          ],
          [
            4.8366,
            52.26527
          ],
          [
            4.82779,
            52.25732
          ],
          [
            4.81897,
            52.24937
          ],
          [
            4.81015,
            52.24142
          ],
          [
            4.79252,
            52.22552
          ],
          [
            4.78371,
            52.21757
          ],
          [
            4.77489,
            52.20962
          ],
          [
            4.76607,
            52.20167
          ],
          [
            4.75726,
            52.19372
          ],
          [
            4.74844,
            52.18577
          ],
          [
            4.73962,
            52.17782
          ],
          [
            4.73081,
            52.16987
          ],
          [
            4.72199,
            52.16192
          ],
          [
            4.70436,
            52.14602
          ],
          [
            4.69554,
            52.13807
          ],
          [
            4.68673,
            52.13013
          ],
          [
            4.67791,
            52.12218
          ],
          [
            4.6691,
            52.11423
          ],
          [
            4.66028,
            52.10628
          ],
          [
            4.65146,
            52.09833
          ],
          [
            4.64265,
            52.09038
          ],
          [
            4.63383,
            52.08243
          ]
        ]
      }
    },
    {
      "type": "Feature",
      "properties": {
        "callsign": "BEL3501",
        "route": "BRU -> London",
        "targetId": "T006",
        "stroke": "#1e3a8a",
        "stroke-width": 2,
        "stroke-opacity": 0.7
      },
      "geometry": {
        "type": "LineString",
        "coordinates": [
          [
            4.41237,
            50.89682
          ],
          [
            4.40461,
            50.90172
          ],
          [
            4.39685,
            50.90662
          ],
          [
            4.38908,
            50.91152
          ],
          [
            4.38132,
            50.91642
          ],
          [
            4.37356,
            50.92133
          ],
          [
            4.36579,
            50.92623
          ],
          [
            4.35803,
            50.93113
          ],
          [
            4.35027,
            50.93603
          ],
          [
            4.33474,
            50.94583
          ],
          [
            4.32698,
            50.95074
          ],
          [
            4.31922,
            50.95564
          ],
          [
            4.31145,
            50.96054
          ],
          [
            4.30369,
            50.96544
          ],
          [
            4.29593,
            50.97034
          ],
          [
            4.28816,
            50.97524
          ],
          [
            4.2804,
            50.98015
          ],
          [
            4.27264,
            50.98505
          ],
          [
            4.25711,
            50.99485
          ],
          [
            4.24935,
            50.99975
          ],
          [
            4.23984,
            51.00322
          ],
          [
            4.23033,
            51.00668
          ],
          [
            4.22082,
            51.01015
          ],
          [
            4.21131,
            51.01362
          ],
          [
            4.20181,
            51.01708
          ],
          [
            4.1923,
            51.02055
          ],
          [
            4.18279,
            51.02401
          ],
          [
            4.16377,
            51.03095
          ],
          [
            4.15427,
            51.03441
          ],
          [
            4.14476,
            51.03788
          ],
          [
            4.13525,
            51.04134
          ],
          [
            4.12574,
            51.04481
          ],
          [
            4.11624,
            51.04828
          ],
          [
            4.10673,
            51.05174
          ],
          [
            4.09722,
            51.05521
          ],
          [
            4.08771,
            51.05867
          ],
          [
            4.0687,
            51.06561
          ],
          [
            4.05919,
            51.06907
          ],
          [
            4.04968,
            51.07254
          ],
          [
            4.04017,
            51.076
          ],
          [
            4.03066,
            51.07947
          ],
          [
            4.02116,
            51.08294
          ],
          [
            4.01165,
            51.0864
          ],
          [
            4.00214,
            51.08987
          ],
          [
            3.99263,
            51.09333
          ],
          [
            3.97362,
            51.10027
          ],
          [
            3.96411,
            51.10373
          ],
          [
            3.9546,
            51.1072
          ],
          [
            3.94509,
            51.11066
          ],
          [
            3.93558,
            51.11413
          ],
          [
            3.92608,
            51.1176
          ],
          [
            3.91657,
            51.12106
          ],
          [
            3.90706,
            51.12453
          ],
          [
            3.89755,
            51.12799
          ],
          [
            3.87854,
            51.13493
          ],
          [
            3.86903,
            51.13839
          ],
          [
            3.85952,
            51.14186
          ],
          [
            3.85001,
            51.14532
          ],
          [
            3.8405,
            51.14879
          ],
          [
            3.831,
            51.15225
          ],
          [
            3.82149,
            51.15572
          ],
          [
            3.81198,
            51.15919
          ],
          [
            3.80247,
            51.16265
          ],
          [
            3.78346,
            51.16958
          ],
          [
            3.77395,
            51.17305
          ],
          [
            3.76444,
            51.17652
          ],
          [
            3.75493,
            51.17998
          ],
          [
            3.74542,
            51.18345
          ],
          [
            3.73592,
            51.18691
          ],
          [
            3.72641,
            51.19038
          ],
          [
            3.7169,
            51.19385
          ],
          [
            3.70739,
            51.19731
          ],
          [
            3.68838,
            51.20424
          ],
          [
            3.67887,
            51.20771
          ],
          [
            3.66936,
            51.21118
          ],
          [
            3.65985,
            51.21464
          ],
          [
            3.65035,
            51.21811
          ],
          [
            3.64084,
            51.22157
          ],
          [
            3.63133,
            51.22504
          ],
          [
            3.62182,
            51.22851
          ],
          [
            3.61231,
            51.23197
          ],
          [
            3.5933,
            51.2389
          ],
          [
            3.58379,
            51.24237
          ],
          [
            3.57428,
            51.24584
          ],
          [
            3.56477,
            51.2493
          ],
          [
            3.55527,
            51.25277
          ],
          [
            3.54576,
            51.25623
          ],
          [
            3.53625,
            51.2597
          ],
          [
            3.52674,
            51.26317
          ],
          [
            3.51723,
            51.26663
          ],
          [
            3.49822,
            51.27356
          ],
          [
            3.48871,
            51.27703
          ],
          [
            3.4792,
            51.2805
          ],
          [
            3.46969,
            51.28396
          ],
          [
            3.46019,
            51.28743
          ],
          [
            3.45068,
            51.29089
          ],
          [
            3.44117,
            51.29436
          ],
          [
            3.43166,
            51.29783
          ],
          [
            3.42215,
            51.30129
          ],
          [
            3.40314,
            51.30822
          ],
          [
            3.39363,
            51.31169
          ],
          [
            3.38412,
            51.31516
          ],
          [
            3.37461,
            51.31862
          ],
          [
            3.36511,
            51.32209
          ],
          [
            3.3556,
            51.32555
          ],
          [
            3.34609,
            51.32902
          ],
          [
            3.33658,
            51.33249
          ],
          [
            3.32707,
            51.33595
          ]
        ]
      }
    },
    {
      "type": "Feature",
      "properties": {
        "callsign": "RYR8814",
        "route": "BRU -> Dublin",
        "targetId": "T007",
        "stroke": "#1e3a8a",
        "stroke-width": 2,
        "stroke-opacity": 0.7
      },
      "geometry": {
        "type": "LineString",
        "coordinates": [
          [
            4.26791,
            50.89485
          ],
          [
            4.25796,
            50.89777
          ],
          [
            4.24801,
            50.9007
          ],
          [
            4.23806,
            50.90363
          ],
          [
            4.22811,
            50.90656
          ],
          [
            4.21816,
            50.90949
          ],
          [
            4.20821,
            50.91242
          ],
          [
            4.19826,
            50.91535
          ],
          [
            4.18831,
            50.91828
          ],
          [
            4.16841,
            50.92414
          ],
          [
            4.15846,
            50.92707
          ],
          [
            4.14851,
            50.93
          ],
          [
            4.13856,
            50.93293
          ],
          [
            4.12861,
            50.93586
          ],
          [
            4.11866,
            50.93879
          ],
          [
            4.10871,
            50.94172
          ],
          [
            4.09876,
            50.94465
          ],
          [
            4.08881,
            50.94758
          ],
          [
            4.06891,
            50.95344
          ],
          [
            4.05896,
            50.95637
          ],
          [
            4.05055,
            50.96082
          ],
          [
            4.04214,
            50.96528
          ],
          [
            4.03373,
            50.96973
          ],
          [
            4.02532,
            50.97419
          ],
          [
            4.01691,
            50.97865
          ],
          [
            4.0085,
            50.9831
          ],
          [
            4.00009,
            50.98756
          ],
          [
            3.98327,
            50.99647
          ],
          [
            3.97486,
            51.00092
          ],
          [
            3.96645,
            51.00538
          ],
          [
            3.95803,
            51.00984
          ],
          [
            3.94962,
            51.01429
          ],
          [
            3.94121,
            51.01875
          ],
          [
            3.9328,
            51.0232
          ],
          [
            3.92439,
            51.02766
          ],
          [
            3.91598,
            51.03211
          ],
          [
            3.89916,
            51.04103
          ],
          [
            3.89075,
            51.04548
          ],
          [
            3.88234,
            51.04994
          ],
          [
            3.87393,
            51.05439
          ],
          [
            3.86552,
            51.05885
          ],
          [
            3.85711,
            51.06331
          ],
          [
            3.8487,
            51.06776
          ],
          [
            3.84029,
            51.07222
          ],
          [
            3.83188,
            51.07667
          ],
          [
            3.81506,
            51.08558
          ],
          [
            3.80665,
            51.09004
          ],
          [
            3.79824,
            51.0945
          ],
          [
            3.78983,
            51.09895
          ],
          [
            3.78142,
            51.10341
          ],
          [
            3.77301,
            51.10786
          ],
          [
            3.7646,
            51.11232
          ],
          [
            3.75619,
            51.11677
          ],
          [
            3.74778,
            51.12123
          ],
          [
            3.73096,
            51.13014
          ],
          [
            3.72255,
            51.1346
          ],
          [
            3.71414,
            51.13905
          ],
          [
            3.70573,
            51.14351
          ],
          [
            3.69732,
            51.14796
          ],
          [
            3.68891,
            51.15242
          ],
          [
            3.6805,
            51.15688
          ],
          [
            3.67209,
            51.16133
          ],
          [
            3.66368,
            51.16579
          ],
          [
            3.64685,
            51.1747
          ],
          [
            3.63844,
            51.17916
          ],
          [
            3.63003,
            51.18361
          ],
          [
            3.62162,
            51.18807
          ],
          [
            3.61321,
            51.19252
          ],
          [
            3.6048,
            51.19698
          ],
          [
            3.59639,
            51.20143
          ],
          [
            3.58798,
            51.20589
          ],
          [
            3.57957,
            51.21035
          ],
          [
            3.56275,
            51.21926
          ],
          [
            3.55434,
            51.22371
          ],
          [
            3.54593,
            51.22817
          ],
          [
            3.53752,
            51.23262
          ],
          [
            3.52911,
            51.23708
          ],
          [
            3.5207,
            51.24154
          ],
          [
            3.51229,
            51.24599
          ],
          [
            3.50388,
            51.25045
          ],
          [
            3.49547,
            51.2549
          ],
          [
            3.47865,
            51.26382
          ],
          [
            3.47024,
            51.26827
          ],
          [
            3.46183,
            51.27273
          ],
          [
            3.45342,
            51.27718
          ],
          [
            3.44501,
            51.28164
          ],
          [
            3.4366,
            51.28609
          ],
          [
            3.42819,
            51.29055
          ],
          [
            3.41978,
            51.29501
          ],
          [
            3.41137,
            51.29946
          ],
          [
            3.39455,
            51.30837
          ],
          [
            3.38614,
            51.31283
          ],
          [
            3.37773,
            51.31728
          ],
          [
            3.36932,
            51.32174
          ],
          [
            3.3609,
            51.3262
          ],
          [
            3.35249,
            51.33065
          ],
          [
            3.34408,
            51.33511
          ],
          [
            3.33567,
            51.33956
          ],
          [
            3.32726,
            51.34402
          ],
          [
            3.31044,
            51.35293
          ],
          [
            3.30203,
            51.35739
          ],
          [
            3.29362,
            51.36184
          ],
          [
            3.28521,
            51.3663
          ],
          [
            3.2768,
            51.37075
          ],
          [
            3.26839,
            51.37521
          ],
          [
            3.25998,
            51.37967
          ],
          [
            3.25157,
            51.38412
          ],
          [
            3.24316,
            51.38858
          ]
        ]
      }
    },
    {
      "type": "Feature",
      "properties": {
        "callsign": "VLG4521",
        "route": "BRU -> Barcelona",
        "targetId": "T008",
        "stroke": "#1e3a8a",
        "stroke-width": 2,
        "stroke-opacity": 0.7
      },
      "geometry": {
        "type": "LineString",
        "coordinates": [
          [
            4.41465,
            50.79608
          ],
          [
            4.40916,
            50.79008
          ],
          [
            4.40367,
            50.78407
          ],
          [
            4.39818,
            50.77807
          ],
          [
            4.39269,
            50.77207
          ],
          [
            4.3872,
            50.76606
          ],
          [
            4.38171,
            50.76006
          ],
          [
            4.37622,
            50.75406
          ],
          [
            4.37073,
            50.74806
          ],
          [
            4.35975,
            50.73605
          ],
          [
            4.35426,
            50.73005
          ],
          [
            4.34877,
            50.72404
          ],
          [
            4.34329,
            50.71804
          ],
          [
            4.3378,
            50.71204
          ],
          [
            4.33231,
            50.70603
          ],
          [
            4.32682,
            50.70003
          ],
          [
            4.32133,
            50.69403
          ],
          [
            4.31584,
            50.68802
          ],
          [
            4.30486,
            50.67602
          ],
          [
            4.29937,
            50.67001
          ],
          [
            4.29653,
            50.66332
          ],
          [
            4.29369,
            50.65662
          ],
          [
            4.29085,
            50.64993
          ],
          [
            4.288,
            50.64323
          ],
          [
            4.28516,
            50.63653
          ],
          [
            4.28232,
            50.62984
          ],
          [
            4.27948,
            50.62314
          ],
          [
            4.2738,
            50.60975
          ],
          [
            4.27095,
            50.60306
          ],
          [
            4.26811,
            50.59636
          ],
          [
            4.26527,
            50.58966
          ],
          [
            4.26243,
            50.58297
          ],
          [
            4.25959,
            50.57627
          ],
          [
            4.25675,
            50.56958
          ],
          [
            4.25391,
            50.56288
          ],
          [
            4.25106,
            50.55618
          ],
          [
            4.24538,
            50.54279
          ],
          [
            4.24254,
            50.5361
          ],
          [
            4.2397,
            50.5294
          ],
          [
            4.23686,
            50.52271
          ],
          [
            4.23401,
            50.51601
          ],
          [
            4.23117,
            50.50931
          ],
          [
            4.22833,
            50.50262
          ],
          [
            4.22549,
            50.49592
          ],
          [
            4.22265,
            50.48923
          ],
          [
            4.21697,
            50.47584
          ],
          [
            4.21412,
            50.46914
          ],
          [
            4.21128,
            50.46244
          ],
          [
            4.20844,
            50.45575
          ],
          [
            4.2056,
            50.44905
          ],
          [
            4.20276,
            50.44236
          ],
          [
            4.19992,
            50.43566
          ],
          [
            4.19707,
            50.42897
          ],
          [
            4.19423,
            50.42227
          ],
          [
            4.18855,
            50.40888
          ],
          [
            4.18571,
            50.40218
          ],
          [
            4.18287,
            50.39549
          ],
          [
            4.18003,
            50.38879
          ],
          [
            4.17718,
            50.38209
          ],
          [
            4.17434,
            50.3754
          ],
          [
            4.1715,
            50.3687
          ],
          [
            4.16866,
            50.36201
          ],
          [
            4.16582,
            50.35531
          ],
          [
            4.16013,
            50.34192
          ],
          [
            4.15729,
            50.33522
          ],
          [
            4.15445,
            50.32853
          ],
          [
            4.15161,
            50.32183
          ],
          [
            4.14877,
            50.31514
          ],
          [
            4.14593,
            50.30844
          ],
          [
            4.14309,
            50.30175
          ],
          [
            4.14024,
            50.29505
          ],
          [
            4.1374,
            50.28835
          ],
          [
            4.13172,
            50.27496
          ],
          [
            4.12888,
            50.26827
          ],
          [
            4.12604,
            50.26157
          ],
          [
            4.12319,
            50.25488
          ],
          [
            4.12035,
            50.24818
          ],
          [
            4.11751,
            50.24148
          ],
          [
            4.11467,
            50.23479
          ],
          [
            4.11183,
            50.22809
          ],
          [
            4.10899,
            50.2214
          ],
          [
            4.1033,
            50.208
          ],
          [
            4.10046,
            50.20131
          ],
          [
            4.09762,
            50.19461
          ],
          [
            4.09478,
            50.18792
          ],
          [
            4.09194,
            50.18122
          ],
          [
            4.0891,
            50.17453
          ],
          [
            4.08625,
            50.16783
          ],
          [
            4.08341,
            50.16113
          ],
          [
            4.08057,
            50.15444
          ],
          [
            4.07489,
            50.14105
          ],
          [
            4.07205,
            50.13435
          ],
          [
            4.06921,
            50.12766
          ],
          [
            4.06636,
            50.12096
          ],
          [
            4.06352,
            50.11426
          ],
          [
            4.06068,
            50.10757
          ],
          [
            4.05784,
            50.10087
          ],
          [
            4.055,
            50.09418
          ],
          [
            4.05216,
            50.08748
          ],
          [
            4.04647,
            50.07409
          ],
          [
            4.04363,
            50.06739
          ],
          [
            4.04079,
            50.0607
          ],
          [
            4.03795,
            50.054
          ],
          [
            4.03511,
            50.04731
          ],
          [
            4.03227,
            50.04061
          ],
          [
            4.02942,
            50.03391
          ],
          [
            4.02658,
            50.02722
          ],
          [
            4.02374,
            50.02052
          ]
        ]
      }
    },
    {
      "type": "Feature",
      "properties": {
        "callsign": "EZY4567",
        "route": "BRU -> Manchester",
        "targetId": "T009",
        "stroke": "#1e3a8a",
        "stroke-width": 2,
        "stroke-opacity": 0.7
      },
      "geometry": {
        "type": "LineString",
        "coordinates": [
          [
            4.27411,
            50.85351
          ],
          [
            4.27035,
            50.86003
          ],
          [
            4.2666,
            50.86654
          ],
          [
            4.26284,
            50.87306
          ],
          [
            4.25909,
            50.87957
          ],
          [
            4.25533,
            50.88608
          ],
          [
            4.25158,
            50.8926
          ],
          [
            4.24782,
            50.89911
          ],
          [
            4.24407,
            50.90563
          ],
          [
            4.23656,
            50.91865
          ],
          [
            4.2328,
            50.92517
          ],
          [
            4.22905,
            50.93168
          ],
          [
            4.22529,
            50.93819
          ],
          [
            4.22154,
            50.94471
          ],
          [
            4.21778,
            50.95122
          ],
          [
            4.21403,
            50.95774
          ],
          [
            4.21027,
            50.96425
          ],
          [
            4.20652,
            50.97076
          ],
          [
            4.19901,
            50.98379
          ],
          [
            4.19525,
            50.99031
          ],
          [
            4.18896,
            50.99598
          ],
          [
            4.18266,
            51.00166
          ],
          [
            4.17636,
            51.00734
          ],
          [
            4.17006,
            51.01302
          ],
          [
            4.16377,
            51.0187
          ],
          [
            4.15747,
            51.02438
          ],
          [
            4.15117,
            51.03005
          ],
          [
            4.13858,
            51.04141
          ],
          [
            4.13228,
            51.04709
          ],
          [
            4.12598,
            51.05277
          ],
          [
            4.11969,
            51.05845
          ],
          [
            4.11339,
            51.06412
          ],
          [
            4.10709,
            51.0698
          ],
          [
            4.1008,
            51.07548
          ],
          [
            4.0945,
            51.08116
          ],
          [
            4.0882,
            51.08684
          ],
          [
            4.07561,
            51.09819
          ],
          [
            4.06931,
            51.10387
          ],
          [
            4.06301,
            51.10955
          ],
          [
            4.05671,
            51.11523
          ],
          [
            4.05042,
            51.12091
          ],
          [
            4.04412,
            51.12659
          ],
          [
            4.03782,
            51.13226
          ],
          [
            4.03153,
            51.13794
          ],
          [
            4.02523,
            51.14362
          ],
          [
            4.01263,
            51.15498
          ],
          [
            4.00634,
            51.16066
          ],
          [
            4.00004,
            51.16633
          ],
          [
            3.99374,
            51.17201
          ],
          [
            3.98745,
            51.17769
          ],
          [
            3.98115,
            51.18337
          ],
          [
            3.97485,
            51.18905
          ],
          [
            3.96855,
            51.19473
          ],
          [
            3.96226,
            51.2004
          ],
          [
            3.94966,
            51.21176
          ],
          [
            3.94336,
            51.21744
          ],
          [
            3.93707,
            51.22312
          ],
          [
            3.93077,
            51.2288
          ],
          [
            3.92447,
            51.23447
          ],
          [
            3.91818,
            51.24015
          ],
          [
            3.91188,
            51.24583
          ],
          [
            3.90558,
            51.25151
          ],
          [
            3.89928,
            51.25719
          ],
          [
            3.88669,
            51.26854
          ],
          [
            3.88039,
            51.27422
          ],
          [
            3.8741,
            51.2799
          ],
          [
            3.8678,
            51.28558
          ],
          [
            3.8615,
            51.29126
          ],
          [
            3.8552,
            51.29694
          ],
          [
            3.84891,
            51.30261
          ],
          [
            3.84261,
            51.30829
          ],
          [
            3.83631,
            51.31397
          ],
          [
            3.82372,
            51.32533
          ],
          [
            3.81742,
            51.33101
          ],
          [
            3.81112,
            51.33668
          ],
          [
            3.80483,
            51.34236
          ],
          [
            3.79853,
            51.34804
          ],
          [
            3.79223,
            51.35372
          ],
          [
            3.78593,
            51.3594
          ],
          [
            3.77964,
            51.36508
          ],
          [
            3.77334,
            51.37075
          ],
          [
            3.76075,
            51.38211
          ],
          [
            3.75445,
            51.38779
          ],
          [
            3.74815,
            51.39347
          ],
          [
            3.74185,
            51.39915
          ],
          [
            3.73556,
            51.40482
          ],
          [
            3.72926,
            51.4105
          ],
          [
            3.72296,
            51.41618
          ],
          [
            3.71667,
            51.42186
          ],
          [
            3.71037,
            51.42754
          ],
          [
            3.69777,
            51.43889
          ],
          [
            3.69148,
            51.44457
          ],
          [
            3.68518,
            51.45025
          ],
          [
            3.67888,
            51.45593
          ],
          [
            3.67259,
            51.46161
          ],
          [
            3.66629,
            51.46729
          ],
          [
            3.65999,
            51.47296
          ],
          [
            3.65369,
            51.47864
          ],
          [
            3.6474,
            51.48432
          ],
          [
            3.6348,
            51.49568
          ],
          [
            3.6285,
            51.50136
          ],
          [
            3.62221,
            51.50703
          ],
          [
            3.61591,
            51.51271
          ],
          [
            3.60961,
            51.51839
          ],
          [
            3.60332,
            51.52407
          ],
          [
            3.59702,
            51.52975
          ],
          [
            3.59072,
            51.53543
          ],
          [
            3.58442,
            51.5411
          ]
        ]
      }
    },
    {
      "type": "Feature",
      "properties": {
        "callsign": "EZY7823",
        "route": "Amsterdam -> Paris",
        "targetId": "T010",
        "stroke": "#1e3a8a",
        "stroke-width": 2,
        "stroke-opacity": 0.7
      },
      "geometry": {
        "type": "LineString",
        "coordinates": [
          [
            5.47661,
            51.91701
          ],
          [
            5.46602,
            51.90904
          ],
          [
            5.45544,
            51.90108
          ],
          [
            5.44485,
            51.89311
          ],
          [
            5.43427,
            51.88515
          ],
          [
            5.42368,
            51.87718
          ],
          [
            5.4131,
            51.86922
          ],
          [
            5.40251,
            51.86125
          ],
          [
            5.39192,
            51.85329
          ],
          [
            5.37075,
            51.83736
          ],
          [
            5.36017,
            51.82939
          ],
          [
            5.34958,
            51.82142
          ],
          [
            5.339,
            51.81346
          ],
          [
            5.32841,
            51.80549
          ],
          [
            5.31783,
            51.79753
          ],
          [
            5.30724,
            51.78956
          ],
          [
            5.29665,
            51.7816
          ],
          [
            5.28607,
            51.77363
          ],
          [
            5.2649,
            51.7577
          ],
          [
            5.25431,
            51.74974
          ],
          [
            5.24373,
            51.74177
          ],
          [
            5.23314,
            51.73381
          ],
          [
            5.22256,
            51.72584
          ],
          [
            5.21197,
            51.71788
          ],
          [
            5.20138,
            51.70991
          ],
          [
            5.1908,
            51.70195
          ],
          [
            5.18021,
            51.69398
          ],
          [
            5.15904,
            51.67805
          ],
          [
            5.10305,
            51.50277
          ],
          [
            5.0931,
            51.49468
          ],
          [
            5.08171,
            51.4866
          ],
          [
            5.07175,
            51.47851
          ],
          [
            5.06037,
            51.47133
          ],
          [
            5.05041,
            51.46324
          ],
          [
            5.08494,
            51.62229
          ],
          [
            5.07436,
            51.61433
          ],
          [
            5.05319,
            51.5984
          ],
          [
            5.0426,
            51.59043
          ],
          [
            5.03201,
            51.58247
          ],
          [
            5.02143,
            51.5745
          ],
          [
            5.01084,
            51.56654
          ],
          [
            5.00026,
            51.55857
          ],
          [
            4.98967,
            51.5506
          ],
          [
            4.97909,
            51.54264
          ],
          [
            4.9685,
            51.53467
          ],
          [
            4.94733,
            51.51874
          ],
          [
            4.93674,
            51.51078
          ],
          [
            4.92616,
            51.50281
          ],
          [
            4.91557,
            51.49485
          ],
          [
            4.90499,
            51.48688
          ],
          [
            4.8944,
            51.47892
          ],
          [
            4.88382,
            51.47095
          ],
          [
            4.87323,
            51.46299
          ],
          [
            4.86265,
            51.45502
          ],
          [
            4.84147,
            51.43909
          ],
          [
            4.83089,
            51.43113
          ],
          [
            4.8203,
            51.42316
          ],
          [
            4.80972,
            51.41519
          ],
          [
            4.79913,
            51.40723
          ],
          [
            4.78855,
            51.39926
          ],
          [
            4.77796,
            51.3913
          ],
          [
            4.76737,
            51.38333
          ],
          [
            4.75679,
            51.37537
          ],
          [
            4.73562,
            51.35944
          ],
          [
            4.72503,
            51.35147
          ],
          [
            4.71445,
            51.34351
          ],
          [
            4.70386,
            51.33554
          ],
          [
            4.69328,
            51.32758
          ],
          [
            4.68269,
            51.31961
          ],
          [
            4.6721,
            51.31165
          ],
          [
            4.66152,
            51.30368
          ],
          [
            4.65093,
            51.29572
          ],
          [
            4.62976,
            51.27978
          ],
          [
            4.61918,
            51.27182
          ],
          [
            4.60859,
            51.26385
          ],
          [
            4.59801,
            51.25589
          ],
          [
            4.58742,
            51.24792
          ],
          [
            4.57683,
            51.23996
          ],
          [
            4.56625,
            51.23199
          ],
          [
            4.55566,
            51.22403
          ],
          [
            4.54508,
            51.21606
          ],
          [
            4.52391,
            51.20013
          ],
          [
            4.51332,
            51.19217
          ],
          [
            4.50273,
            51.1842
          ],
          [
            4.49215,
            51.17624
          ],
          [
            4.48156,
            51.16827
          ],
          [
            4.47098,
            51.16031
          ],
          [
            4.46039,
            51.15234
          ],
          [
            4.44981,
            51.14437
          ],
          [
            4.43922,
            51.13641
          ],
          [
            4.41805,
            51.12048
          ],
          [
            4.40746,
            51.11251
          ],
          [
            4.39688,
            51.10455
          ],
          [
            4.38629,
            51.09658
          ],
          [
            4.37571,
            51.08862
          ],
          [
            4.36512,
            51.08065
          ],
          [
            4.35454,
            51.07269
          ],
          [
            4.34395,
            51.06472
          ],
          [
            4.33337,
            51.05676
          ],
          [
            4.31219,
            51.04083
          ],
          [
            4.30161,
            51.03286
          ],
          [
            4.29102,
            51.0249
          ],
          [
            4.28044,
            51.01693
          ],
          [
            4.26985,
            51.00896
          ],
          [
            4.25927,
            51.001
          ],
          [
            4.24868,
            50.99303
          ],
          [
            4.2381,
            50.98507
          ],
          [
            4.22751,
            50.9771
          ]
        ]
      }
    },
    {
      "type": "Feature",
      "properties": {
        "callsign": "RYR5678",
        "route": "London -> Frankfurt",
        "targetId": "T011",
        "stroke": "#1e3a8a",
        "stroke-width": 2,
        "stroke-opacity": 0.7
      },
      "geometry": {
        "type": "LineString",
        "coordinates": [
          [
            1.52035,
            51.29616
          ],
          [
            1.53718,
            51.29616
          ],
          [
            1.55401,
            51.29616
          ],
          [
            1.57085,
            51.29616
          ],
          [
            1.58768,
            51.29616
          ],
          [
            1.60452,
            51.29616
          ],
          [
            1.62135,
            51.29616
          ],
          [
            1.63819,
            51.29616
          ],
          [
            1.65502,
            51.29616
          ],
          [
            1.68869,
            51.29616
          ],
          [
            1.70552,
            51.29616
          ],
          [
            1.72236,
            51.29616
          ],
          [
            1.73919,
            51.29616
          ],
          [
            1.75603,
            51.29616
          ],
          [
            1.77286,
            51.29616
          ],
          [
            1.78969,
            51.29616
          ],
          [
            1.80653,
            51.29616
          ],
          [
            1.82336,
            51.29616
          ],
          [
            1.85703,
            51.29616
          ],
          [
            1.87386,
            51.29616
          ],
          [
            1.8907,
            51.29616
          ],
          [
            1.90753,
            51.29616
          ],
          [
            1.92437,
            51.29616
          ],
          [
            1.9412,
            51.29616
          ],
          [
            1.95804,
            51.29616
          ],
          [
            1.97487,
            51.29616
          ],
          [
            1.9917,
            51.29616
          ],
          [
            2.02537,
            51.29616
          ],
          [
            2.04221,
            51.29616
          ],
          [
            2.05904,
            51.29616
          ],
          [
            2.07588,
            51.29616
          ],
          [
            2.09271,
            51.29616
          ],
          [
            2.10954,
            51.29616
          ],
          [
            2.12638,
            51.29616
          ],
          [
            2.14321,
            51.29616
          ],
          [
            2.16005,
            51.29616
          ],
          [
            2.19372,
            51.29616
          ],
          [
            2.21055,
            51.29616
          ],
          [
            2.22738,
            51.29616
          ],
          [
            2.24422,
            51.29616
          ],
          [
            2.26105,
            51.29616
          ],
          [
            2.27789,
            51.29616
          ],
          [
            2.29472,
            51.29616
          ],
          [
            2.31155,
            51.29616
          ],
          [
            2.32839,
            51.29616
          ],
          [
            2.36206,
            51.29616
          ],
          [
            2.37889,
            51.29616
          ],
          [
            2.39573,
            51.29616
          ],
          [
            2.41256,
            51.29616
          ],
          [
            2.42939,
            51.29616
          ],
          [
            2.44623,
            51.29616
          ],
          [
            2.46306,
            51.29616
          ],
          [
            2.4799,
            51.29616
          ],
          [
            4.29209,
            51.20632
          ],
          [
            4.3251,
            51.20632
          ],
          [
            4.34146,
            51.20632
          ],
          [
            4.35796,
            51.20632
          ],
          [
            4.37432,
            51.20632
          ],
          [
            4.39083,
            51.20632
          ],
          [
            4.40719,
            51.20632
          ],
          [
            2.6314,
            51.29616
          ],
          [
            2.64824,
            51.29616
          ],
          [
            2.66507,
            51.29616
          ],
          [
            2.69874,
            51.29616
          ],
          [
            2.71558,
            51.29616
          ],
          [
            2.73241,
            51.29616
          ],
          [
            2.74924,
            51.29616
          ],
          [
            2.76608,
            51.29616
          ],
          [
            2.78291,
            51.29616
          ],
          [
            2.79975,
            51.29616
          ],
          [
            2.81658,
            51.29616
          ],
          [
            2.83342,
            51.29616
          ],
          [
            2.86708,
            51.29616
          ],
          [
            2.88392,
            51.29616
          ],
          [
            2.90075,
            51.29616
          ],
          [
            2.91759,
            51.29616
          ],
          [
            2.93442,
            51.29616
          ],
          [
            2.95126,
            51.29616
          ],
          [
            2.96809,
            51.29616
          ],
          [
            2.98492,
            51.29616
          ],
          [
            3.00176,
            51.29616
          ],
          [
            3.03543,
            51.29616
          ],
          [
            3.05226,
            51.29616
          ],
          [
            3.06909,
            51.29616
          ],
          [
            3.08593,
            51.29616
          ],
          [
            3.10276,
            51.29616
          ],
          [
            3.1196,
            51.29616
          ],
          [
            3.13643,
            51.29616
          ],
          [
            3.15327,
            51.29616
          ],
          [
            3.1701,
            51.29616
          ],
          [
            3.20377,
            51.29616
          ],
          [
            3.2206,
            51.29616
          ],
          [
            3.23744,
            51.29616
          ],
          [
            3.25427,
            51.29616
          ],
          [
            3.27111,
            51.29616
          ],
          [
            3.28794,
            51.29616
          ],
          [
            3.30477,
            51.29616
          ],
          [
            3.32161,
            51.29616
          ],
          [
            3.33844,
            51.29616
          ],
          [
            3.37211,
            51.29616
          ],
          [
            3.38894,
            51.29616
          ],
          [
            3.40578,
            51.29616
          ],
          [
            3.42261,
            51.29616
          ],
          [
            3.43945,
            51.29616
          ],
          [
            3.45628,
            51.29616
          ],
          [
            3.47312,
            51.29616
          ],
          [
            3.48995,
            51.29616
          ],
          [
            3.50678,
            51.29616
          ]
        ]
      }
    },
    {
      "type": "Feature",
      "properties": {
        "callsign": "DLH789",
        "route": "Hamburg -> Madrid",
        "targetId": "T012",
        "stroke": "#1e3a8a",
        "stroke-width": 2,
        "stroke-opacity": 0.7
      },
      "geometry": {
        "type": "LineString",
        "coordinates": [
          [
            5.06037,
            52.63322
          ],
          [
            5.06037,
            52.62283
          ],
          [
            5.06037,
            52.61243
          ],
          [
            5.06037,
            52.60203
          ],
          [
            5.06037,
            52.59163
          ],
          [
            5.06037,
            52.58123
          ],
          [
            5.06037,
            52.57084
          ],
          [
            5.06037,
            52.56044
          ],
          [
            5.06037,
            52.55004
          ],
          [
            5.06037,
            52.52924
          ],
          [
            5.06037,
            52.51885
          ],
          [
            5.06037,
            52.50845
          ],
          [
            5.06037,
            52.49805
          ],
          [
            5.06037,
            52.48765
          ],
          [
            5.06037,
            52.47726
          ],
          [
            5.06037,
            52.46686
          ],
          [
            5.06037,
            52.45646
          ],
          [
            5.06037,
            52.44606
          ],
          [
            5.06037,
            52.42527
          ],
          [
            5.06037,
            52.41487
          ],
          [
            5.06037,
            52.40447
          ],
          [
            5.06037,
            52.39407
          ],
          [
            5.06037,
            52.38367
          ],
          [
            5.06037,
            52.37328
          ],
          [
            5.06037,
            52.36288
          ],
          [
            5.06037,
            52.35248
          ],
          [
            5.06037,
            52.34208
          ],
          [
            5.06037,
            52.32129
          ],
          [
            5.06037,
            52.31089
          ],
          [
            5.06037,
            52.30049
          ],
          [
            5.06037,
            52.29009
          ],
          [
            5.06037,
            52.27969
          ],
          [
            5.06037,
            52.2693
          ],
          [
            5.06037,
            52.2589
          ],
          [
            5.06037,
            52.2485
          ],
          [
            5.06037,
            52.2381
          ],
          [
            5.06037,
            52.21731
          ],
          [
            5.06037,
            52.20691
          ],
          [
            5.06037,
            52.19651
          ],
          [
            5.06037,
            52.18611
          ],
          [
            5.06037,
            52.17571
          ],
          [
            5.06037,
            52.16532
          ],
          [
            5.06037,
            52.15492
          ],
          [
            5.06037,
            52.14452
          ],
          [
            5.06037,
            52.13412
          ],
          [
            5.06037,
            52.11333
          ],
          [
            5.06037,
            52.10293
          ],
          [
            5.06037,
            52.09253
          ],
          [
            5.06037,
            52.08213
          ],
          [
            5.06037,
            52.07173
          ],
          [
            5.06037,
            52.06134
          ],
          [
            5.06037,
            52.05094
          ],
          [
            5.06037,
            52.04054
          ],
          [
            5.06037,
            52.03014
          ],
          [
            5.06037,
            52.00935
          ],
          [
            5.06037,
            51.99895
          ],
          [
            5.06037,
            51.98855
          ],
          [
            5.06037,
            51.97815
          ],
          [
            5.06037,
            51.96776
          ],
          [
            5.06037,
            51.95736
          ],
          [
            5.06037,
            51.94696
          ],
          [
            5.06037,
            51.93656
          ],
          [
            5.06037,
            51.92616
          ],
          [
            5.06037,
            51.90537
          ],
          [
            5.06037,
            51.89497
          ],
          [
            5.06037,
            51.88457
          ],
          [
            5.06037,
            51.87417
          ],
          [
            5.06037,
            51.86378
          ],
          [
            5.06037,
            51.85338
          ],
          [
            5.06037,
            51.84298
          ],
          [
            5.06037,
            51.83258
          ],
          [
            5.06037,
            51.82218
          ],
          [
            5.06037,
            51.80139
          ],
          [
            5.06037,
            51.79099
          ],
          [
            5.06037,
            51.78059
          ],
          [
            5.06037,
            51.77019
          ],
          [
            5.06037,
            51.7598
          ],
          [
            5.06037,
            51.7494
          ],
          [
            5.06037,
            51.739
          ],
          [
            5.06037,
            51.7286
          ],
          [
            5.06037,
            51.7182
          ],
          [
            5.06037,
            51.69741
          ],
          [
            5.06037,
            51.68701
          ],
          [
            5.06037,
            51.67661
          ],
          [
            5.06037,
            51.66621
          ],
          [
            5.06037,
            51.65582
          ],
          [
            5.06037,
            51.64542
          ],
          [
            5.06037,
            51.63502
          ],
          [
            5.06037,
            51.62462
          ],
          [
            5.06037,
            51.61423
          ],
          [
            5.06037,
            51.59343
          ],
          [
            5.06037,
            51.58303
          ],
          [
            5.06037,
            51.57263
          ],
          [
            5.06037,
            51.56224
          ],
          [
            5.06037,
            51.55184
          ],
          [
            5.06037,
            51.54144
          ],
          [
            5.06037,
            51.53104
          ],
          [
            5.06037,
            51.52064
          ],
          [
            5.06037,
            51.51025
          ],
          [
            5.06037,
            51.48945
          ],
          [
            5.06037,
            51.47905
          ],
          [
            5.06037,
            51.46865
          ],
          [
            5.06037,
            51.45826
          ],
          [
            5.06037,
            51.44786
          ],
          [
            5.06037,
            51.43746
          ],
          [
            5.06037,
            51.42706
          ],
          [
            5.06037,
            51.41666
          ],
          [
            5.06037,
            51.40627
          ]
        ]
      }
    },
    {
      "type": "Feature",
      "properties": {
        "callsign": "AFR1234",
        "route": "Paris -> Amsterdam",
        "targetId": "T013",
        "stroke": "#1e3a8a",
        "stroke-width": 2,
        "stroke-opacity": 0.7
      },
      "geometry": {
        "type": "LineString",
        "coordinates": [
          [
            3.22139,
            49.77699
          ],
          [
            3.23198,
            49.78496
          ],
          [
            3.24256,
            49.79292
          ],
          [
            3.25315,
            49.80089
          ],
          [
            3.26373,
            49.80885
          ],
          [
            3.27432,
            49.81682
          ],
          [
            3.2849,
            49.82478
          ],
          [
            3.29549,
            49.83275
          ],
          [
            3.30608,
            49.84071
          ],
          [
            3.32725,
            49.85664
          ],
          [
            3.33783,
            49.86461
          ],
          [
            3.34842,
            49.87258
          ],
          [
            3.359,
            49.88054
          ],
          [
            3.36959,
            49.88851
          ],
          [
            3.38017,
            49.89647
          ],
          [
            3.39076,
            49.90444
          ],
          [
            3.40135,
            49.9124
          ],
          [
            3.41193,
            49.92037
          ],
          [
            3.4331,
            49.9363
          ],
          [
            3.44369,
            49.94426
          ],
          [
            3.45427,
            49.95223
          ],
          [
            3.46486,
            49.96019
          ],
          [
            3.47544,
            49.96816
          ],
          [
            3.48603,
            49.97612
          ],
          [
            3.49662,
            49.98409
          ],
          [
            3.5072,
            49.99205
          ],
          [
            3.51779,
            50.00002
          ],
          [
            3.53896,
            50.01595
          ],
          [
            5.01769,
            51.44887
          ],
          [
            5.02765,
            51.45695
          ],
          [
            5.03903,
            51.46504
          ],
          [
            5.04899,
            51.47312
          ],
          [
            5.06037,
            51.48031
          ],
          [
            5.07033,
            51.48839
          ],
          [
            3.61306,
            50.07171
          ],
          [
            3.62364,
            50.07967
          ],
          [
            3.64481,
            50.0956
          ],
          [
            3.6554,
            50.10357
          ],
          [
            3.66599,
            50.11153
          ],
          [
            3.67657,
            50.1195
          ],
          [
            3.68716,
            50.12746
          ],
          [
            3.69774,
            50.13543
          ],
          [
            3.70833,
            50.1434
          ],
          [
            3.71891,
            50.15136
          ],
          [
            3.7295,
            50.15933
          ],
          [
            3.75067,
            50.17526
          ],
          [
            3.76126,
            50.18322
          ],
          [
            3.77184,
            50.19119
          ],
          [
            3.78243,
            50.19915
          ],
          [
            3.79301,
            50.20712
          ],
          [
            3.8036,
            50.21508
          ],
          [
            3.81418,
            50.22305
          ],
          [
            3.82477,
            50.23101
          ],
          [
            3.83535,
            50.23898
          ],
          [
            3.85653,
            50.25491
          ],
          [
            3.86711,
            50.26287
          ],
          [
            3.8777,
            50.27084
          ],
          [
            3.88828,
            50.27881
          ],
          [
            3.89887,
            50.28677
          ],
          [
            3.90945,
            50.29474
          ],
          [
            3.92004,
            50.3027
          ],
          [
            3.93063,
            50.31067
          ],
          [
            3.94121,
            50.31863
          ],
          [
            3.96238,
            50.33456
          ],
          [
            3.97297,
            50.34253
          ],
          [
            3.98355,
            50.35049
          ],
          [
            3.99414,
            50.35846
          ],
          [
            4.00472,
            50.36642
          ],
          [
            4.01531,
            50.37439
          ],
          [
            4.0259,
            50.38235
          ],
          [
            4.03648,
            50.39032
          ],
          [
            4.04707,
            50.39828
          ],
          [
            4.06824,
            50.41422
          ],
          [
            4.07882,
            50.42218
          ],
          [
            4.08941,
            50.43015
          ],
          [
            4.09999,
            50.43811
          ],
          [
            4.11058,
            50.44608
          ],
          [
            4.12117,
            50.45404
          ],
          [
            4.13175,
            50.46201
          ],
          [
            4.14234,
            50.46997
          ],
          [
            4.15292,
            50.47794
          ],
          [
            4.17409,
            50.49387
          ],
          [
            4.18468,
            50.50183
          ],
          [
            4.19527,
            50.5098
          ],
          [
            4.20585,
            50.51776
          ],
          [
            4.21644,
            50.52573
          ],
          [
            4.22702,
            50.53369
          ],
          [
            4.23761,
            50.54166
          ],
          [
            4.24819,
            50.54963
          ],
          [
            4.25878,
            50.55759
          ],
          [
            4.27995,
            50.57352
          ],
          [
            4.29054,
            50.58149
          ],
          [
            4.30112,
            50.58945
          ],
          [
            4.31171,
            50.59742
          ],
          [
            4.32229,
            50.60538
          ],
          [
            4.33288,
            50.61335
          ],
          [
            4.34346,
            50.62131
          ],
          [
            4.35405,
            50.62928
          ],
          [
            4.36463,
            50.63724
          ],
          [
            4.38581,
            50.65317
          ],
          [
            4.39639,
            50.66114
          ],
          [
            4.40698,
            50.6691
          ],
          [
            4.41756,
            50.67707
          ],
          [
            4.42815,
            50.68504
          ],
          [
            4.43873,
            50.693
          ],
          [
            4.44932,
            50.70097
          ],
          [
            4.4599,
            50.70893
          ],
          [
            4.47049,
            50.7169
          ]
        ]
      }
    },
    {
      "type": "Feature",
      "properties": {
        "callsign": "BAW234",
        "route": "London -> Vienna",
        "targetId": "T014",
        "stroke": "#1e3a8a",
        "stroke-width": 2,
        "stroke-opacity": 0.7
      },
      "geometry": {
        "type": "LineString",
        "coordinates": [
          [
            1.80096,
            51.73848
          ],
          [
            1.81385,
            51.73165
          ],
          [
            1.82675,
            51.72481
          ],
          [
            1.83964,
            51.71798
          ],
          [
            1.85254,
            51.71115
          ],
          [
            1.86544,
            51.70432
          ],
          [
            1.87833,
            51.69749
          ],
          [
            1.89123,
            51.69065
          ],
          [
            1.90412,
            51.68382
          ],
          [
            1.92991,
            51.67016
          ],
          [
            1.94281,
            51.66332
          ],
          [
            1.95571,
            51.65649
          ],
          [
            1.9686,
            51.64966
          ],
          [
            1.9815,
            51.64283
          ],
          [
            1.99439,
            51.636
          ],
          [
            2.00729,
            51.62916
          ],
          [
            2.02018,
            51.62233
          ],
          [
            2.03308,
            51.6155
          ],
          [
            2.05887,
            51.60183
          ],
          [
            2.07177,
            51.595
          ],
          [
            2.08466,
            51.58817
          ],
          [
            2.09756,
            51.58134
          ],
          [
            2.11045,
            51.57451
          ],
          [
            2.12335,
            51.56767
          ],
          [
            2.13625,
            51.56084
          ],
          [
            2.14914,
            51.55401
          ],
          [
            2.16204,
            51.54718
          ],
          [
            2.18783,
            51.53351
          ],
          [
            2.20073,
            51.52668
          ],
          [
            2.21362,
            51.51985
          ],
          [
            2.22652,
            51.51302
          ],
          [
            2.23941,
            51.50618
          ],
          [
            2.25231,
            51.49935
          ],
          [
            2.2652,
            51.49252
          ],
          [
            2.2781,
            51.48569
          ],
          [
            2.291,
            51.47886
          ],
          [
            2.31679,
            51.46519
          ],
          [
            2.32968,
            51.45836
          ],
          [
            2.34258,
            51.45153
          ],
          [
            2.35547,
            51.44469
          ],
          [
            2.36837,
            51.43786
          ],
          [
            2.38127,
            51.43103
          ],
          [
            2.39416,
            51.4242
          ],
          [
            2.40706,
            51.41737
          ],
          [
            2.41995,
            51.41053
          ],
          [
            2.44574,
            51.39687
          ],
          [
            2.45864,
            51.39004
          ],
          [
            2.47154,
            51.3832
          ],
          [
            2.48443,
            51.37637
          ],
          [
            2.49733,
            51.36954
          ],
          [
            2.51022,
            51.36271
          ],
          [
            2.52312,
            51.35588
          ],
          [
            2.53602,
            51.34904
          ],
          [
            2.54891,
            51.34221
          ],
          [
            2.5747,
            51.32855
          ],
          [
            2.5876,
            51.32171
          ],
          [
            2.60049,
            51.31488
          ],
          [
            2.61339,
            51.30805
          ],
          [
            2.62629,
            51.30122
          ],
          [
            2.63918,
            51.29439
          ],
          [
            2.65208,
            51.28755
          ],
          [
            2.66497,
            51.28072
          ],
          [
            2.67787,
            51.27389
          ],
          [
            2.70366,
            51.26022
          ],
          [
            2.71656,
            51.25339
          ],
          [
            2.72945,
            51.24656
          ],
          [
            2.74235,
            51.23973
          ],
          [
            2.75524,
            51.2329
          ],
          [
            2.76814,
            51.22606
          ],
          [
            2.78103,
            51.21923
          ],
          [
            2.79393,
            51.2124
          ],
          [
            2.80683,
            51.20557
          ],
          [
            2.83262,
            51.1919
          ],
          [
            2.84551,
            51.18507
          ],
          [
            2.85841,
            51.17824
          ],
          [
            2.8713,
            51.17141
          ],
          [
            2.8842,
            51.16457
          ],
          [
            2.8971,
            51.15774
          ],
          [
            2.90999,
            51.15091
          ],
          [
            2.92289,
            51.14408
          ],
          [
            2.93578,
            51.13725
          ],
          [
            2.96158,
            51.12358
          ],
          [
            2.97447,
            51.11675
          ],
          [
            2.98737,
            51.10992
          ],
          [
            3.00026,
            51.10308
          ],
          [
            3.01316,
            51.09625
          ],
          [
            3.02605,
            51.08942
          ],
          [
            3.03895,
            51.08259
          ],
          [
            3.05185,
            51.07576
          ],
          [
            3.06474,
            51.06892
          ],
          [
            3.09053,
            51.05526
          ],
          [
            3.10343,
            51.04843
          ],
          [
            3.11632,
            51.04159
          ],
          [
            3.12922,
            51.03476
          ],
          [
            3.14212,
            51.02793
          ],
          [
            3.15501,
            51.0211
          ],
          [
            3.16791,
            51.01427
          ],
          [
            3.1808,
            51.00743
          ],
          [
            3.1937,
            51.0006
          ],
          [
            3.21949,
            50.98694
          ],
          [
            3.23239,
            50.9801
          ],
          [
            3.24528,
            50.97327
          ],
          [
            3.25818,
            50.96644
          ],
          [
            3.27107,
            50.95961
          ],
          [
            3.28397,
            50.95278
          ],
          [
            3.29687,
            50.94594
          ],
          [
            3.30976,
            50.93911
          ],
          [
            3.32266,
            50.93228
          ]
        ]
      }
    },
    {
      "type": "Feature",
      "properties": {
        "callsign": "RYR2345",
        "route": "Dublin -> Rome",
        "targetId": "T015",
        "stroke": "#1e3a8a",
        "stroke-width": 2,
        "stroke-opacity": 0.7
      },
      "geometry": {
        "type": "LineString",
        "coordinates": [
          [
            2.22433,
            52.00629
          ],
          [
            2.23378,
            51.99777
          ],
          [
            2.24322,
            51.98925
          ],
          [
            2.25267,
            51.98073
          ],
          [
            2.26211,
            51.97222
          ],
          [
            2.27156,
            51.9637
          ],
          [
            2.281,
            51.95518
          ],
          [
            2.29045,
            51.94666
          ],
          [
            2.2999,
            51.93815
          ],
          [
            2.31879,
            51.92111
          ],
          [
            2.32823,
            51.91259
          ],
          [
            2.33768,
            51.90408
          ],
          [
            2.34713,
            51.89556
          ],
          [
            2.35657,
            51.88704
          ],
          [
            2.36602,
            51.87852
          ],
          [
            2.37546,
            51.87001
          ],
          [
            2.38491,
            51.86149
          ],
          [
            2.39435,
            51.85297
          ],
          [
            2.41325,
            51.83594
          ],
          [
            2.42269,
            51.82742
          ],
          [
            2.43214,
            51.8189
          ],
          [
            2.44158,
            51.81038
          ],
          [
            2.45103,
            51.80187
          ],
          [
            2.46047,
            51.79335
          ],
          [
            2.46992,
            51.78483
          ],
          [
            2.47937,
            51.77631
          ],
          [
            2.48881,
            51.7678
          ],
          [
            2.5077,
            51.75076
          ],
          [
            2.51715,
            51.74224
          ],
          [
            2.5266,
            51.73373
          ],
          [
            2.53604,
            51.72521
          ],
          [
            2.54549,
            51.71669
          ],
          [
            2.55493,
            51.70817
          ],
          [
            2.56438,
            51.69966
          ],
          [
            2.57382,
            51.69114
          ],
          [
            2.58327,
            51.68262
          ],
          [
            2.60216,
            51.66559
          ],
          [
            2.61161,
            51.65707
          ],
          [
            2.62105,
            51.64855
          ],
          [
            2.6305,
            51.64003
          ],
          [
            2.63995,
            51.63152
          ],
          [
            2.64939,
            51.623
          ],
          [
            2.65884,
            51.61448
          ],
          [
            2.66828,
            51.60596
          ],
          [
            2.67773,
            51.59745
          ],
          [
            2.69662,
            51.58041
          ],
          [
            2.70607,
            51.57189
          ],
          [
            2.71551,
            51.56338
          ],
          [
            2.72496,
            51.55486
          ],
          [
            2.7344,
            51.54634
          ],
          [
            2.74385,
            51.53782
          ],
          [
            2.75329,
            51.52931
          ],
          [
            2.76274,
            51.52079
          ],
          [
            2.77219,
            51.51227
          ],
          [
            2.79108,
            51.49524
          ],
          [
            2.80052,
            51.48672
          ],
          [
            2.80997,
            51.4782
          ],
          [
            2.81942,
            51.46968
          ],
          [
            2.82886,
            51.46117
          ],
          [
            2.83831,
            51.45265
          ],
          [
            2.84775,
            51.44413
          ],
          [
            2.8572,
            51.43561
          ],
          [
            2.86664,
            51.4271
          ],
          [
            2.88554,
            51.41006
          ],
          [
            2.89498,
            51.40154
          ],
          [
            2.90443,
            51.39303
          ],
          [
            2.91387,
            51.38451
          ],
          [
            2.92332,
            51.37599
          ],
          [
            2.93277,
            51.36747
          ],
          [
            2.94221,
            51.35896
          ],
          [
            2.95166,
            51.35044
          ],
          [
            2.9611,
            51.34192
          ],
          [
            2.97999,
            51.32489
          ],
          [
            2.98944,
            51.31637
          ],
          [
            2.99889,
            51.30785
          ],
          [
            3.00833,
            51.29933
          ],
          [
            3.01778,
            51.29082
          ],
          [
            3.02722,
            51.2823
          ],
          [
            3.03667,
            51.27378
          ],
          [
            3.04612,
            51.26526
          ],
          [
            3.05556,
            51.25675
          ],
          [
            3.07445,
            51.23971
          ],
          [
            3.0839,
            51.23119
          ],
          [
            3.09334,
            51.22268
          ],
          [
            3.10279,
            51.21416
          ],
          [
            3.11224,
            51.20564
          ],
          [
            3.12168,
            51.19712
          ],
          [
            3.13113,
            51.18861
          ],
          [
            3.14057,
            51.18009
          ],
          [
            3.15002,
            51.17157
          ],
          [
            3.16891,
            51.15454
          ],
          [
            3.17836,
            51.14602
          ],
          [
            3.1878,
            51.1375
          ],
          [
            3.19725,
            51.12898
          ],
          [
            3.20669,
            51.12047
          ],
          [
            3.21614,
            51.11195
          ],
          [
            3.22559,
            51.10343
          ],
          [
            3.23503,
            51.09491
          ],
          [
            3.24448,
            51.0864
          ],
          [
            3.26337,
            51.06936
          ],
          [
            3.27281,
            51.06084
          ],
          [
            3.28226,
            51.05233
          ],
          [
            3.29171,
            51.04381
          ],
          [
            3.30115,
            51.03529
          ],
          [
            3.3106,
            51.02677
          ],
          [
            3.32004,
            51.01826
          ],
          [
            3.32949,
            51.00974
          ],
          [
            3.33894,
            51.00122
          ]
        ]
      }
    },
    {
      "type": "Feature",
      "properties": {
        "callsign": "SWR456",
        "route": "Zurich -> London",
        "targetId": "T016",
        "stroke": "#1e3a8a",
        "stroke-width": 2,
        "stroke-opacity": 0.7
      },
      "geometry": {
        "type": "LineString",
        "coordinates": [
          [
            7.17765,
            50.48768
          ],
          [
            7.16082,
            50.48768
          ],
          [
            7.14399,
            50.48768
          ],
          [
            7.12715,
            50.48768
          ],
          [
            7.11032,
            50.48768
          ],
          [
            7.09348,
            50.48768
          ],
          [
            7.07665,
            50.48768
          ],
          [
            7.05981,
            50.48768
          ],
          [
            7.04298,
            50.48768
          ],
          [
            7.00931,
            50.48768
          ],
          [
            6.99248,
            50.48768
          ],
          [
            6.97564,
            50.48768
          ],
          [
            6.95881,
            50.48768
          ],
          [
            6.94197,
            50.48768
          ],
          [
            6.92514,
            50.48768
          ],
          [
            6.90831,
            50.48768
          ],
          [
            6.89147,
            50.48768
          ],
          [
            6.87464,
            50.48768
          ],
          [
            6.84097,
            50.48768
          ],
          [
            6.82414,
            50.48768
          ],
          [
            6.8073,
            50.48768
          ],
          [
            6.79047,
            50.48768
          ],
          [
            6.77363,
            50.48768
          ],
          [
            6.7568,
            50.48768
          ],
          [
            6.73996,
            50.48768
          ],
          [
            6.72313,
            50.48768
          ],
          [
            6.7063,
            50.48768
          ],
          [
            6.67263,
            50.48768
          ],
          [
            6.65579,
            50.48768
          ],
          [
            6.63896,
            50.48768
          ],
          [
            6.62212,
            50.48768
          ],
          [
            6.60529,
            50.48768
          ],
          [
            6.58846,
            50.48768
          ],
          [
            6.57162,
            50.48768
          ],
          [
            6.55479,
            50.48768
          ],
          [
            6.53795,
            50.48768
          ],
          [
            6.50428,
            50.48768
          ],
          [
            6.48745,
            50.48768
          ],
          [
            6.47062,
            50.48768
          ],
          [
            6.45378,
            50.48768
          ],
          [
            6.43695,
            50.48768
          ],
          [
            6.42011,
            50.48768
          ],
          [
            6.40328,
            50.48768
          ],
          [
            6.38645,
            50.48768
          ],
          [
            6.36961,
            50.48768
          ],
          [
            6.33594,
            50.48768
          ],
          [
            6.31911,
            50.48768
          ],
          [
            6.30227,
            50.48768
          ],
          [
            6.28544,
            50.48768
          ],
          [
            6.26861,
            50.48768
          ],
          [
            6.25177,
            50.48768
          ],
          [
            6.23494,
            50.48768
          ],
          [
            6.2181,
            50.48768
          ],
          [
            6.20127,
            50.48768
          ],
          [
            6.1676,
            50.48768
          ],
          [
            6.15077,
            50.48768
          ],
          [
            6.13393,
            50.48768
          ],
          [
            6.1171,
            50.48768
          ],
          [
            6.10026,
            50.48768
          ],
          [
            6.08343,
            50.48768
          ],
          [
            6.0666,
            50.48768
          ],
          [
            6.04976,
            50.48768
          ],
          [
            6.03293,
            50.48768
          ],
          [
            5.99926,
            50.48768
          ],
          [
            5.98242,
            50.48768
          ],
          [
            5.96559,
            50.48768
          ],
          [
            5.94876,
            50.48768
          ],
          [
            5.93192,
            50.48768
          ],
          [
            5.91509,
            50.48768
          ],
          [
            5.89825,
            50.48768
          ],
          [
            5.88142,
            50.48768
          ],
          [
            5.86458,
            50.48768
          ],
          [
            5.83092,
            50.48768
          ],
          [
            5.81408,
            50.48768
          ],
          [
            5.79725,
            50.48768
          ],
          [
            5.78041,
            50.48768
          ],
          [
            5.76358,
            50.48768
          ],
          [
            5.74674,
            50.48768
          ],
          [
            5.72991,
            50.48768
          ],
          [
            5.71308,
            50.48768
          ],
          [
            5.69624,
            50.48768
          ],
          [
            5.66257,
            50.48768
          ],
          [
            5.64574,
            50.48768
          ],
          [
            5.62891,
            50.48768
          ],
          [
            5.61207,
            50.48768
          ],
          [
            5.59524,
            50.48768
          ],
          [
            5.5784,
            50.48768
          ],
          [
            5.56157,
            50.48768
          ],
          [
            5.54473,
            50.48768
          ],
          [
            5.5279,
            50.48768
          ],
          [
            5.49423,
            50.48768
          ],
          [
            5.4774,
            50.48768
          ],
          [
            5.46056,
            50.48768
          ],
          [
            5.44373,
            50.48768
          ],
          [
            5.42689,
            50.48768
          ],
          [
            5.41006,
            50.48768
          ],
          [
            5.39323,
            50.48768
          ],
          [
            5.37639,
            50.48768
          ],
          [
            5.35956,
            50.48768
          ],
          [
            5.32589,
            50.48768
          ],
          [
            5.30906,
            50.48768
          ],
          [
            5.29222,
            50.48768
          ],
          [
            5.27539,
            50.48768
          ],
          [
            5.25855,
            50.48768
          ],
          [
            5.24172,
            50.48768
          ],
          [
            5.22488,
            50.48768
          ],
          [
            5.20805,
            50.48768
          ],
          [
            5.19122,
            50.48768
          ]
        ]
      }
    },
    {
      "type": "Feature",
      "properties": {
        "callsign": "KLM5678",
        "route": "Amsterdam -> Lisbon",
        "targetId": "T017",
        "stroke": "#1e3a8a",
        "stroke-width": 2,
        "stroke-opacity": 0.7
      },
      "geometry": {
        "type": "LineString",
        "coordinates": [
          [
            5.33547,
            52.00629
          ],
          [
            5.32603,
            51.99777
          ],
          [
            5.31658,
            51.98925
          ],
          [
            5.30714,
            51.98073
          ],
          [
            5.29769,
            51.97222
          ],
          [
            5.28825,
            51.9637
          ],
          [
            5.2788,
            51.95518
          ],
          [
            5.26935,
            51.94666
          ],
          [
            5.25991,
            51.93815
          ],
          [
            5.24102,
            51.92111
          ],
          [
            5.23157,
            51.91259
          ],
          [
            5.22213,
            51.90408
          ],
          [
            5.21268,
            51.89556
          ],
          [
            5.20323,
            51.88704
          ],
          [
            5.19379,
            51.87852
          ],
          [
            5.18434,
            51.87001
          ],
          [
            5.1749,
            51.86149
          ],
          [
            5.16545,
            51.85297
          ],
          [
            5.14656,
            51.83594
          ],
          [
            5.13711,
            51.82742
          ],
          [
            5.12767,
            51.8189
          ],
          [
            5.11822,
            51.81038
          ],
          [
            5.10878,
            51.80187
          ],
          [
            5.09933,
            51.79335
          ],
          [
            5.08988,
            51.78483
          ],
          [
            5.08044,
            51.77631
          ],
          [
            5.07099,
            51.7678
          ],
          [
            5.0521,
            51.75076
          ],
          [
            5.04265,
            51.74224
          ],
          [
            5.03321,
            51.73373
          ],
          [
            5.02376,
            51.72521
          ],
          [
            5.01432,
            51.71669
          ],
          [
            5.00487,
            51.70817
          ],
          [
            4.99543,
            51.69966
          ],
          [
            4.98598,
            51.69114
          ],
          [
            4.97653,
            51.68262
          ],
          [
            4.95764,
            51.66559
          ],
          [
            4.9482,
            51.65707
          ],
          [
            4.93875,
            51.64855
          ],
          [
            4.92931,
            51.64003
          ],
          [
            4.91986,
            51.63152
          ],
          [
            4.91041,
            51.623
          ],
          [
            4.90097,
            51.61448
          ],
          [
            4.89152,
            51.60596
          ],
          [
            4.88208,
            51.59745
          ],
          [
            4.86318,
            51.58041
          ],
          [
            4.85374,
            51.57189
          ],
          [
            4.84429,
            51.56338
          ],
          [
            4.83485,
            51.55486
          ],
          [
            4.8254,
            51.54634
          ],
          [
            4.81596,
            51.53782
          ],
          [
            4.80651,
            51.52931
          ],
          [
            4.79706,
            51.52079
          ],
          [
            4.78762,
            51.51227
          ],
          [
            4.76873,
            51.49524
          ],
          [
            4.75928,
            51.48672
          ],
          [
            4.74983,
            51.4782
          ],
          [
            4.74039,
            51.46968
          ],
          [
            4.73094,
            51.46117
          ],
          [
            4.7215,
            51.45265
          ],
          [
            4.71205,
            51.44413
          ],
          [
            4.70261,
            51.43561
          ],
          [
            4.69316,
            51.4271
          ],
          [
            4.67427,
            51.41006
          ],
          [
            4.66482,
            51.40154
          ],
          [
            4.65538,
            51.39303
          ],
          [
            4.64593,
            51.38451
          ],
          [
            4.63649,
            51.37599
          ],
          [
            4.62704,
            51.36747
          ],
          [
            4.61759,
            51.35896
          ],
          [
            4.60815,
            51.35044
          ],
          [
            4.5987,
            51.34192
          ],
          [
            4.57981,
            51.32489
          ],
          [
            4.57036,
            51.31637
          ],
          [
            4.56092,
            51.30785
          ],
          [
            4.55147,
            51.29933
          ],
          [
            4.54203,
            51.29082
          ],
          [
            4.53258,
            51.2823
          ],
          [
            4.52314,
            51.27378
          ],
          [
            4.51369,
            51.26526
          ],
          [
            4.50424,
            51.25675
          ],
          [
            4.48535,
            51.23971
          ],
          [
            4.47591,
            51.23119
          ],
          [
            4.46646,
            51.22268
          ],
          [
            4.45701,
            51.21416
          ],
          [
            4.44757,
            51.20564
          ],
          [
            4.43812,
            51.19712
          ],
          [
            4.42868,
            51.18861
          ],
          [
            4.41923,
            51.18009
          ],
          [
            4.40979,
            51.17157
          ],
          [
            4.39089,
            51.15454
          ],
          [
            4.38145,
            51.14602
          ],
          [
            4.372,
            51.1375
          ],
          [
            4.36256,
            51.12898
          ],
          [
            4.35311,
            51.12047
          ],
          [
            4.34367,
            51.11195
          ],
          [
            4.33422,
            51.10343
          ],
          [
            4.32477,
            51.09491
          ],
          [
            4.31533,
            51.0864
          ],
          [
            4.29644,
            51.06936
          ],
          [
            4.28699,
            51.06084
          ],
          [
            4.27754,
            51.05233
          ],
          [
            4.2681,
            51.04381
          ],
          [
            4.25865,
            51.03529
          ],
          [
            4.24921,
            51.02677
          ],
          [
            4.23976,
            51.01826
          ],
          [
            4.23032,
            51.00974
          ],
          [
            4.22087,
            51.00122
          ]
        ]
      }
    },
    {
      "type": "Feature",
      "properties": {
        "callsign": "TRA999",
        "route": "Amsterdam -> Nice",
        "targetId": "T018",
        "stroke": "#1e3a8a",
        "stroke-width": 2,
        "stroke-opacity": 0.7
      },
      "geometry": {
        "type": "LineString",
        "coordinates": [
          [
            4.77303,
            52.45395
          ],
          [
            4.77023,
            52.44394
          ],
          [
            4.76743,
            52.43392
          ],
          [
            4.76464,
            52.42391
          ],
          [
            4.76184,
            52.4139
          ],
          [
            4.75905,
            52.40389
          ],
          [
            4.75625,
            52.39387
          ],
          [
            4.75345,
            52.38386
          ],
          [
            4.75066,
            52.37385
          ],
          [
            4.74507,
            52.35382
          ],
          [
            4.74227,
            52.34381
          ],
          [
            4.73947,
            52.3338
          ],
          [
            4.73668,
            52.32379
          ],
          [
            4.73388,
            52.31377
          ],
          [
            4.73109,
            52.30376
          ],
          [
            4.72829,
            52.29375
          ],
          [
            4.72549,
            52.28374
          ],
          [
            4.7227,
            52.27372
          ],
          [
            4.7171,
            52.2537
          ],
          [
            4.71431,
            52.24369
          ],
          [
            4.71151,
            52.23367
          ],
          [
            4.70872,
            52.22366
          ],
          [
            4.70592,
            52.21365
          ],
          [
            4.70312,
            52.20364
          ],
          [
            4.70033,
            52.19362
          ],
          [
            4.69753,
            52.18361
          ],
          [
            4.69474,
            52.1736
          ],
          [
            4.68914,
            52.15357
          ],
          [
            4.68635,
            52.14356
          ],
          [
            4.68355,
            52.13355
          ],
          [
            4.68075,
            52.12354
          ],
          [
            4.67796,
            52.11353
          ],
          [
            4.67516,
            52.10351
          ],
          [
            4.67237,
            52.0935
          ],
          [
            4.66957,
            52.08349
          ],
          [
            4.66677,
            52.07348
          ],
          [
            4.66118,
            52.05345
          ],
          [
            4.65839,
            52.04344
          ],
          [
            4.65559,
            52.03343
          ],
          [
            4.65279,
            52.02341
          ],
          [
            4.65,
            52.0134
          ],
          [
            4.6472,
            52.00339
          ],
          [
            4.6444,
            51.99338
          ],
          [
            4.64161,
            51.98336
          ],
          [
            4.63881,
            51.97335
          ],
          [
            4.63322,
            51.95333
          ],
          [
            4.63042,
            51.94331
          ],
          [
            4.62763,
            51.9333
          ],
          [
            4.62483,
            51.92329
          ],
          [
            4.62204,
            51.91328
          ],
          [
            4.61924,
            51.90326
          ],
          [
            4.61644,
            51.89325
          ],
          [
            4.61365,
            51.88324
          ],
          [
            4.61085,
            51.87323
          ],
          [
            4.60526,
            51.8532
          ],
          [
            4.60246,
            51.84319
          ],
          [
            4.59967,
            51.83318
          ],
          [
            4.59687,
            51.82316
          ],
          [
            4.59407,
            51.81315
          ],
          [
            4.59128,
            51.80314
          ],
          [
            4.58848,
            51.79313
          ],
          [
            4.58569,
            51.78311
          ],
          [
            4.58289,
            51.7731
          ],
          [
            4.5773,
            51.75308
          ],
          [
            4.5745,
            51.74307
          ],
          [
            4.57171,
            51.73305
          ],
          [
            4.56891,
            51.72304
          ],
          [
            4.56611,
            51.71303
          ],
          [
            4.56332,
            51.70302
          ],
          [
            4.56052,
            51.693
          ],
          [
            4.55772,
            51.68299
          ],
          [
            4.55493,
            51.67298
          ],
          [
            4.54934,
            51.65295
          ],
          [
            4.54654,
            51.64294
          ],
          [
            4.54374,
            51.63293
          ],
          [
            4.54095,
            51.62292
          ],
          [
            4.53815,
            51.6129
          ],
          [
            4.53536,
            51.60289
          ],
          [
            4.53256,
            51.59288
          ],
          [
            4.52976,
            51.58287
          ],
          [
            4.52697,
            51.57285
          ],
          [
            4.52137,
            51.55283
          ],
          [
            4.51858,
            51.54282
          ],
          [
            4.51578,
            51.5328
          ],
          [
            4.51299,
            51.52279
          ],
          [
            4.51019,
            51.51278
          ],
          [
            4.50739,
            51.50277
          ],
          [
            4.5046,
            51.49275
          ],
          [
            4.5018,
            51.48274
          ],
          [
            4.49901,
            51.47273
          ],
          [
            4.49341,
            51.4527
          ],
          [
            4.49062,
            51.44269
          ],
          [
            4.48782,
            51.43268
          ],
          [
            4.48503,
            51.42267
          ],
          [
            4.48223,
            51.41266
          ],
          [
            4.47943,
            51.40264
          ],
          [
            4.47664,
            51.39263
          ],
          [
            4.47384,
            51.38262
          ],
          [
            4.47104,
            51.37261
          ],
          [
            4.46545,
            51.35258
          ],
          [
            4.46266,
            51.34257
          ],
          [
            4.45986,
            51.33256
          ],
          [
            4.45706,
            51.32254
          ],
          [
            4.45427,
            51.31253
          ],
          [
            4.45147,
            51.30252
          ],
          [
            4.44868,
            51.29251
          ],
          [
            4.44588,
            51.28249
          ],
          [
            4.44308,
            51.27248
          ]
        ]
      }
    },
    {
      "type": "Feature",
      "properties": {
        "callsign": "AUA789",
        "route": "Vienna -> London",
        "targetId": "T019",
        "stroke": "#1e3a8a",
        "stroke-width": 2,
        "stroke-opacity": 0.7
      },
      "geometry": {
        "type": "LineString",
        "coordinates": [
          [
            7.17791,
            51.02851
          ],
          [
            7.16133,
            51.03035
          ],
          [
            7.14475,
            51.0322
          ],
          [
            7.12817,
            51.03405
          ],
          [
            7.1116,
            51.03589
          ],
          [
            7.09502,
            51.03774
          ],
          [
            7.07844,
            51.03958
          ],
          [
            7.06186,
            51.04143
          ],
          [
            7.04528,
            51.04327
          ],
          [
            7.01212,
            51.04697
          ],
          [
            6.99555,
            51.04881
          ],
          [
            6.97897,
            51.05066
          ],
          [
            6.96239,
            51.0525
          ],
          [
            6.94581,
            51.05435
          ],
          [
            6.92923,
            51.05619
          ],
          [
            6.91265,
            51.05804
          ],
          [
            6.89608,
            51.05989
          ],
          [
            6.8795,
            51.06173
          ],
          [
            6.84634,
            51.06542
          ],
          [
            6.82976,
            51.06727
          ],
          [
            6.81318,
            51.06911
          ],
          [
            6.7966,
            51.07096
          ],
          [
            6.78003,
            51.0728
          ],
          [
            6.76345,
            51.07465
          ],
          [
            6.74687,
            51.0765
          ],
          [
            6.73029,
            51.07834
          ],
          [
            6.71371,
            51.08019
          ],
          [
            6.68056,
            51.08388
          ],
          [
            6.66398,
            51.08572
          ],
          [
            6.6474,
            51.08757
          ],
          [
            6.63082,
            51.08942
          ],
          [
            6.61424,
            51.09126
          ],
          [
            6.59766,
            51.09311
          ],
          [
            6.58108,
            51.09495
          ],
          [
            6.56451,
            51.0968
          ],
          [
            6.54793,
            51.09864
          ],
          [
            6.51477,
            51.10234
          ],
          [
            6.49819,
            51.10418
          ],
          [
            6.48161,
            51.10603
          ],
          [
            6.46504,
            51.10787
          ],
          [
            6.44846,
            51.10972
          ],
          [
            6.43188,
            51.11156
          ],
          [
            6.4153,
            51.11341
          ],
          [
            6.39872,
            51.11526
          ],
          [
            6.38214,
            51.1171
          ],
          [
            6.34899,
            51.12079
          ],
          [
            6.33241,
            51.12264
          ],
          [
            6.31583,
            51.12448
          ],
          [
            6.29925,
            51.12633
          ],
          [
            6.28267,
            51.12818
          ],
          [
            6.26609,
            51.13002
          ],
          [
            6.24952,
            51.13187
          ],
          [
            6.23294,
            51.13371
          ],
          [
            4.40591,
            51.23327
          ],
          [
            4.37347,
            51.23327
          ],
          [
            4.35725,
            51.23327
          ],
          [
            4.34103,
            51.23327
          ],
          [
            4.32481,
            51.23327
          ],
          [
            4.30859,
            51.23327
          ],
          [
            4.29237,
            51.23327
          ],
          [
            6.08373,
            51.15032
          ],
          [
            6.06715,
            51.15217
          ],
          [
            6.05057,
            51.15402
          ],
          [
            6.01742,
            51.15771
          ],
          [
            6.00084,
            51.15955
          ],
          [
            5.98426,
            51.1614
          ],
          [
            5.96768,
            51.16324
          ],
          [
            5.9511,
            51.16509
          ],
          [
            5.93452,
            51.16694
          ],
          [
            5.91795,
            51.16878
          ],
          [
            5.90137,
            51.17063
          ],
          [
            5.88479,
            51.17247
          ],
          [
            5.85163,
            51.17616
          ],
          [
            5.83505,
            51.17801
          ],
          [
            5.81847,
            51.17986
          ],
          [
            5.8019,
            51.1817
          ],
          [
            5.78532,
            51.18355
          ],
          [
            5.76874,
            51.18539
          ],
          [
            5.75216,
            51.18724
          ],
          [
            5.73558,
            51.18908
          ],
          [
            5.719,
            51.19093
          ],
          [
            5.68585,
            51.19462
          ],
          [
            5.66927,
            51.19647
          ],
          [
            5.65269,
            51.19831
          ],
          [
            5.63611,
            51.20016
          ],
          [
            5.61953,
            51.202
          ],
          [
            5.60295,
            51.20385
          ],
          [
            5.58638,
            51.2057
          ],
          [
            5.5698,
            51.20754
          ],
          [
            5.55322,
            51.20939
          ],
          [
            5.52006,
            51.21308
          ],
          [
            5.50348,
            51.21492
          ],
          [
            5.48691,
            51.21677
          ],
          [
            5.47033,
            51.21862
          ],
          [
            5.45375,
            51.22046
          ],
          [
            5.43717,
            51.22231
          ],
          [
            5.42059,
            51.22415
          ],
          [
            5.40401,
            51.226
          ],
          [
            5.38743,
            51.22784
          ],
          [
            5.35428,
            51.23154
          ],
          [
            5.3377,
            51.23338
          ],
          [
            5.32112,
            51.23523
          ],
          [
            5.30454,
            51.23707
          ],
          [
            5.28796,
            51.23892
          ],
          [
            5.27139,
            51.24076
          ],
          [
            5.25481,
            51.24261
          ],
          [
            5.23823,
            51.24446
          ],
          [
            5.22165,
            51.2463
          ]
        ]
      }
    },
    {
      "type": "Feature",
      "properties": {
        "callsign": "IBE4532",
        "route": "Madrid -> Amsterdam",
        "targetId": "T020",
        "stroke": "#1e3a8a",
        "stroke-width": 2,
        "stroke-opacity": 0.7
      },
      "geometry": {
        "type": "LineString",
        "coordinates": [
          [
            2.93449,
            49.05938
          ],
          [
            2.94272,
            49.06839
          ],
          [
            2.95096,
            49.07739
          ],
          [
            2.95919,
            49.0864
          ],
          [
            2.96743,
            49.0954
          ],
          [
            2.97566,
            49.10441
          ],
          [
            2.98389,
            49.11341
          ],
          [
            2.99213,
            49.12242
          ],
          [
            3.00036,
            49.13142
          ],
          [
            3.01683,
            49.14943
          ],
          [
            3.02507,
            49.15844
          ],
          [
            3.0333,
            49.16744
          ],
          [
            3.04153,
            49.17645
          ],
          [
            3.04977,
            49.18545
          ],
          [
            3.058,
            49.19446
          ],
          [
            3.06624,
            49.20346
          ],
          [
            3.07447,
            49.21247
          ],
          [
            3.0827,
            49.22147
          ],
          [
            3.09917,
            49.23948
          ],
          [
            3.10741,
            49.24849
          ],
          [
            3.11564,
            49.25749
          ],
          [
            3.12388,
            49.2665
          ],
          [
            3.13211,
            49.2755
          ],
          [
            3.14034,
            49.2845
          ],
          [
            3.14858,
            49.29351
          ],
          [
            3.15681,
            49.30251
          ],
          [
            3.16505,
            49.31152
          ],
          [
            3.18151,
            49.32953
          ],
          [
            3.18975,
            49.33853
          ],
          [
            3.19798,
            49.34754
          ],
          [
            3.20622,
            49.35654
          ],
          [
            3.21445,
            49.36555
          ],
          [
            3.22268,
            49.37455
          ],
          [
            3.23092,
            49.38356
          ],
          [
            3.23915,
            49.39256
          ],
          [
            3.24739,
            49.40157
          ],
          [
            3.26386,
            49.41958
          ],
          [
            3.27209,
            49.42858
          ],
          [
            3.28032,
            49.43759
          ],
          [
            3.28856,
            49.44659
          ],
          [
            3.29679,
            49.4556
          ],
          [
            3.30503,
            49.4646
          ],
          [
            3.31326,
            49.47361
          ],
          [
            3.32149,
            49.48261
          ],
          [
            3.32973,
            49.49162
          ],
          [
            3.3462,
            49.50963
          ],
          [
            3.35443,
            49.51863
          ],
          [
            3.36266,
            49.52764
          ],
          [
            3.3709,
            49.53664
          ],
          [
            3.37913,
            49.54565
          ],
          [
            3.38737,
            49.55465
          ],
          [
            3.3956,
            49.56366
          ],
          [
            3.40384,
            49.57266
          ],
          [
            3.41207,
            49.58167
          ],
          [
            3.42854,
            49.59968
          ],
          [
            3.43677,
            49.60868
          ],
          [
            3.44501,
            49.61769
          ],
          [
            3.45324,
            49.62669
          ],
          [
            3.46147,
            49.6357
          ],
          [
            3.46971,
            49.6447
          ],
          [
            3.47794,
            49.65371
          ],
          [
            3.48618,
            49.66271
          ],
          [
            3.49441,
            49.67172
          ],
          [
            3.51088,
            49.68972
          ],
          [
            3.51911,
            49.69873
          ],
          [
            3.52735,
            49.70773
          ],
          [
            3.53558,
            49.71674
          ],
          [
            3.54382,
            49.72574
          ],
          [
            3.55205,
            49.73475
          ],
          [
            3.56028,
            49.74375
          ],
          [
            3.56852,
            49.75276
          ],
          [
            3.57675,
            49.76176
          ],
          [
            3.59322,
            49.77977
          ],
          [
            3.60145,
            49.78878
          ],
          [
            3.60969,
            49.79778
          ],
          [
            3.61792,
            49.80679
          ],
          [
            3.62616,
            49.81579
          ],
          [
            3.63439,
            49.8248
          ],
          [
            3.64263,
            49.8338
          ],
          [
            3.65086,
            49.84281
          ],
          [
            3.65909,
            49.85181
          ],
          [
            3.67556,
            49.86982
          ],
          [
            3.6838,
            49.87883
          ],
          [
            3.69203,
            49.88783
          ],
          [
            3.70026,
            49.89684
          ],
          [
            3.7085,
            49.90584
          ],
          [
            3.71673,
            49.91485
          ],
          [
            3.72497,
            49.92385
          ],
          [
            3.7332,
            49.93286
          ],
          [
            3.74143,
            49.94186
          ],
          [
            3.7579,
            49.95987
          ],
          [
            3.76614,
            49.96888
          ],
          [
            3.77437,
            49.97788
          ],
          [
            3.78261,
            49.98689
          ],
          [
            3.79084,
            49.99589
          ],
          [
            3.79907,
            50.0049
          ],
          [
            3.80731,
            50.0139
          ],
          [
            3.81554,
            50.02291
          ],
          [
            3.82378,
            50.03191
          ],
          [
            3.84024,
            50.04992
          ],
          [
            3.84848,
            50.05893
          ],
          [
            3.85671,
            50.06793
          ],
          [
            3.86495,
            50.07694
          ],
          [
            3.87318,
            50.08594
          ],
          [
            3.88142,
            50.09494
          ],
          [
            3.88965,
            50.10395
          ],
          [
            3.89788,
            50.11295
          ],
          [
            3.90612,
            50.12196
          ]
        ]
      }
    },
    {
      "type": "Feature",
      "properties": {
        "callsign": "TAP456",
        "route": "Lisbon -> Warsaw",
        "targetId": "T021",
        "stroke": "#1e3a8a",
        "stroke-width": 2,
        "stroke-opacity": 0.7
      },
      "geometry": {
        "type": "LineString",
        "coordinates": [
          [
            3.14191,
            51.56565
          ],
          [
            3.15838,
            51.56565
          ],
          [
            3.17484,
            51.56565
          ],
          [
            3.19131,
            51.56565
          ],
          [
            3.20778,
            51.56565
          ],
          [
            3.22425,
            51.56565
          ],
          [
            3.24072,
            51.56565
          ],
          [
            3.25719,
            51.56565
          ],
          [
            3.27365,
            51.56565
          ],
          [
            3.30659,
            51.56565
          ],
          [
            3.32306,
            51.56565
          ],
          [
            3.33953,
            51.56565
          ],
          [
            3.356,
            51.56565
          ],
          [
            3.37246,
            51.56565
          ],
          [
            3.38893,
            51.56565
          ],
          [
            3.4054,
            51.56565
          ],
          [
            3.42187,
            51.56565
          ],
          [
            3.43834,
            51.56565
          ],
          [
            3.47127,
            51.56565
          ],
          [
            3.48774,
            51.56565
          ],
          [
            3.50421,
            51.56565
          ],
          [
            3.52068,
            51.56565
          ],
          [
            3.53715,
            51.56565
          ],
          [
            3.55361,
            51.56565
          ],
          [
            3.57008,
            51.56565
          ],
          [
            3.58655,
            51.56565
          ],
          [
            3.60302,
            51.56565
          ],
          [
            3.63596,
            51.56565
          ],
          [
            3.65242,
            51.56565
          ],
          [
            3.66889,
            51.56565
          ],
          [
            3.68536,
            51.56565
          ],
          [
            3.70183,
            51.56565
          ],
          [
            3.7183,
            51.56565
          ],
          [
            3.73477,
            51.56565
          ],
          [
            3.75123,
            51.56565
          ],
          [
            3.7677,
            51.56565
          ],
          [
            3.80064,
            51.56565
          ],
          [
            3.81711,
            51.56565
          ],
          [
            3.83358,
            51.56565
          ],
          [
            3.85004,
            51.56565
          ],
          [
            3.86651,
            51.56565
          ],
          [
            3.88298,
            51.56565
          ],
          [
            3.89945,
            51.56565
          ],
          [
            3.91592,
            51.56565
          ],
          [
            3.93238,
            51.56565
          ],
          [
            3.96532,
            51.56565
          ],
          [
            3.98179,
            51.56565
          ],
          [
            3.99826,
            51.56565
          ],
          [
            4.01473,
            51.56565
          ],
          [
            4.03119,
            51.56565
          ],
          [
            4.04766,
            51.56565
          ],
          [
            4.06413,
            51.56565
          ],
          [
            4.0806,
            51.56565
          ],
          [
            4.09707,
            51.56565
          ],
          [
            4.13,
            51.56565
          ],
          [
            4.14647,
            51.56565
          ],
          [
            4.16294,
            51.56565
          ],
          [
            4.17941,
            51.56565
          ],
          [
            4.19588,
            51.56565
          ],
          [
            4.21235,
            51.56565
          ],
          [
            4.22881,
            51.56565
          ],
          [
            4.24528,
            51.56565
          ],
          [
            4.26175,
            51.56565
          ],
          [
            4.29209,
            51.56565
          ],
          [
            4.30859,
            51.56565
          ],
          [
            4.32496,
            51.56565
          ],
          [
            4.34146,
            51.56565
          ],
          [
            4.35796,
            51.56565
          ],
          [
            4.37432,
            51.56565
          ],
          [
            4.39083,
            51.56565
          ],
          [
            4.40719,
            51.56565
          ],
          [
            4.42643,
            51.56565
          ],
          [
            4.45937,
            51.56565
          ],
          [
            4.47584,
            51.56565
          ],
          [
            4.49231,
            51.56565
          ],
          [
            4.50877,
            51.56565
          ],
          [
            4.52524,
            51.56565
          ],
          [
            4.54171,
            51.56565
          ],
          [
            4.55818,
            51.56565
          ],
          [
            4.57465,
            51.56565
          ],
          [
            4.59112,
            51.56565
          ],
          [
            4.62405,
            51.56565
          ],
          [
            4.64052,
            51.56565
          ],
          [
            4.65699,
            51.56565
          ],
          [
            4.67346,
            51.56565
          ],
          [
            4.68993,
            51.56565
          ],
          [
            4.70639,
            51.56565
          ],
          [
            4.72286,
            51.56565
          ],
          [
            4.73933,
            51.56565
          ],
          [
            4.7558,
            51.56565
          ],
          [
            4.78873,
            51.56565
          ],
          [
            4.8052,
            51.56565
          ],
          [
            4.82167,
            51.56565
          ],
          [
            4.83814,
            51.56565
          ],
          [
            4.85461,
            51.56565
          ],
          [
            4.87108,
            51.56565
          ],
          [
            4.88754,
            51.56565
          ],
          [
            4.90401,
            51.56565
          ],
          [
            4.92048,
            51.56565
          ],
          [
            4.95342,
            51.56565
          ],
          [
            4.96989,
            51.56565
          ],
          [
            4.98635,
            51.56565
          ],
          [
            5.00282,
            51.56565
          ],
          [
            5.01929,
            51.56565
          ],
          [
            5.03576,
            51.56565
          ],
          [
            5.05223,
            51.56565
          ],
          [
            5.0687,
            51.56565
          ],
          [
            5.08516,
            51.56565
          ]
        ]
      }
    },
    {
      "type": "Feature",
      "properties": {
        "callsign": "LOT789",
        "route": "Warsaw -> London",
        "targetId": "T022",
        "stroke": "#1e3a8a",
        "stroke-width": 2,
        "stroke-opacity": 0.7
      },
      "geometry": {
        "type": "LineString",
        "coordinates": [
          [
            5.55609,
            51.54768
          ],
          [
            5.53962,
            51.54768
          ],
          [
            5.52316,
            51.54768
          ],
          [
            5.50669,
            51.54768
          ],
          [
            5.49022,
            51.54768
          ],
          [
            5.47375,
            51.54768
          ],
          [
            5.45728,
            51.54768
          ],
          [
            5.44081,
            51.54768
          ],
          [
            5.42435,
            51.54768
          ],
          [
            5.39141,
            51.54768
          ],
          [
            5.37494,
            51.54768
          ],
          [
            5.35847,
            51.54768
          ],
          [
            5.342,
            51.54768
          ],
          [
            5.32554,
            51.54768
          ],
          [
            5.30907,
            51.54768
          ],
          [
            5.2926,
            51.54768
          ],
          [
            5.27613,
            51.54768
          ],
          [
            5.25966,
            51.54768
          ],
          [
            5.22673,
            51.54768
          ],
          [
            5.21026,
            51.54768
          ],
          [
            5.19379,
            51.54768
          ],
          [
            5.17732,
            51.54768
          ],
          [
            5.16085,
            51.54768
          ],
          [
            5.14439,
            51.54768
          ],
          [
            5.12792,
            51.54768
          ],
          [
            5.11145,
            51.54768
          ],
          [
            5.09498,
            51.54768
          ],
          [
            5.06204,
            51.54768
          ],
          [
            5.04558,
            51.54768
          ],
          [
            5.02911,
            51.54768
          ],
          [
            5.01264,
            51.54768
          ],
          [
            4.99617,
            51.54768
          ],
          [
            4.9797,
            51.54768
          ],
          [
            4.96323,
            51.54768
          ],
          [
            4.94677,
            51.54768
          ],
          [
            4.9303,
            51.54768
          ],
          [
            4.89736,
            51.54768
          ],
          [
            4.88089,
            51.54768
          ],
          [
            4.86442,
            51.54768
          ],
          [
            4.84796,
            51.54768
          ],
          [
            4.83149,
            51.54768
          ],
          [
            4.81502,
            51.54768
          ],
          [
            4.79855,
            51.54768
          ],
          [
            4.78208,
            51.54768
          ],
          [
            4.76562,
            51.54768
          ],
          [
            4.73268,
            51.54768
          ],
          [
            4.71621,
            51.54768
          ],
          [
            4.69974,
            51.54768
          ],
          [
            4.68327,
            51.54768
          ],
          [
            4.66681,
            51.54768
          ],
          [
            4.65034,
            51.54768
          ],
          [
            4.63387,
            51.54768
          ],
          [
            4.6174,
            51.54768
          ],
          [
            4.60093,
            51.54768
          ],
          [
            4.568,
            51.54768
          ],
          [
            4.55153,
            51.54768
          ],
          [
            4.53506,
            51.54768
          ],
          [
            4.51859,
            51.54768
          ],
          [
            4.50212,
            51.54768
          ],
          [
            4.48565,
            51.54768
          ],
          [
            4.46919,
            51.54768
          ],
          [
            4.45272,
            51.54768
          ],
          [
            4.43625,
            51.54768
          ],
          [
            4.40591,
            51.54768
          ],
          [
            4.38941,
            51.54768
          ],
          [
            4.37304,
            51.54768
          ],
          [
            4.35654,
            51.54768
          ],
          [
            4.34004,
            51.54768
          ],
          [
            4.32368,
            51.54768
          ],
          [
            4.30717,
            51.54768
          ],
          [
            4.29081,
            51.54768
          ],
          [
            4.27157,
            51.54768
          ],
          [
            4.23863,
            51.54768
          ],
          [
            4.22216,
            51.54768
          ],
          [
            4.20569,
            51.54768
          ],
          [
            4.18923,
            51.54768
          ],
          [
            4.17276,
            51.54768
          ],
          [
            4.15629,
            51.54768
          ],
          [
            4.13982,
            51.54768
          ],
          [
            4.12335,
            51.54768
          ],
          [
            4.10688,
            51.54768
          ],
          [
            4.07395,
            51.54768
          ],
          [
            4.05748,
            51.54768
          ],
          [
            4.04101,
            51.54768
          ],
          [
            4.02454,
            51.54768
          ],
          [
            4.00807,
            51.54768
          ],
          [
            3.99161,
            51.54768
          ],
          [
            3.97514,
            51.54768
          ],
          [
            3.95867,
            51.54768
          ],
          [
            3.9422,
            51.54768
          ],
          [
            3.90927,
            51.54768
          ],
          [
            3.8928,
            51.54768
          ],
          [
            3.87633,
            51.54768
          ],
          [
            3.85986,
            51.54768
          ],
          [
            3.84339,
            51.54768
          ],
          [
            3.82692,
            51.54768
          ],
          [
            3.81046,
            51.54768
          ],
          [
            3.79399,
            51.54768
          ],
          [
            3.77752,
            51.54768
          ],
          [
            3.74458,
            51.54768
          ],
          [
            3.72811,
            51.54768
          ],
          [
            3.71165,
            51.54768
          ],
          [
            3.69518,
            51.54768
          ],
          [
            3.67871,
            51.54768
          ],
          [
            3.66224,
            51.54768
          ],
          [
            3.64577,
            51.54768
          ],
          [
            3.6293,
            51.54768
          ],
          [
            3.61284,
            51.54768
          ]
        ]
      }
    },
    {
      "type": "Feature",
      "properties": {
        "callsign": "DLH234",
        "route": "Frankfurt -> Madrid",
        "targetId": "T023",
        "stroke": "#1e3a8a",
        "stroke-width": 2,
        "stroke-opacity": 0.7
      },
      "geometry": {
        "type": "LineString",
        "coordinates": [
          [
            6.72862,
            51.15344
          ],
          [
            6.71804,
            51.14548
          ],
          [
            6.70745,
            51.13751
          ],
          [
            6.69687,
            51.12955
          ],
          [
            6.68628,
            51.12158
          ],
          [
            6.6757,
            51.11362
          ],
          [
            6.66511,
            51.10565
          ],
          [
            6.65453,
            51.09769
          ],
          [
            6.64394,
            51.08972
          ],
          [
            6.62277,
            51.07379
          ],
          [
            6.61218,
            51.06583
          ],
          [
            6.6016,
            51.05786
          ],
          [
            6.59694,
            51.05361
          ],
          [
            6.58698,
            51.04553
          ],
          [
            6.57559,
            51.03744
          ],
          [
            6.56564,
            51.02936
          ],
          [
            6.55425,
            51.02217
          ],
          [
            6.54429,
            51.01409
          ],
          [
            6.51691,
            50.99414
          ],
          [
            6.50633,
            50.98617
          ],
          [
            6.49574,
            50.97821
          ],
          [
            6.48516,
            50.97024
          ],
          [
            6.47457,
            50.96228
          ],
          [
            6.46398,
            50.95431
          ],
          [
            6.4534,
            50.94635
          ],
          [
            6.44281,
            50.93838
          ],
          [
            6.43223,
            50.93042
          ],
          [
            6.41106,
            50.91448
          ],
          [
            6.40047,
            50.90652
          ],
          [
            6.38989,
            50.89855
          ],
          [
            6.3793,
            50.89059
          ],
          [
            6.36871,
            50.88262
          ],
          [
            6.35813,
            50.87466
          ],
          [
            6.34754,
            50.86669
          ],
          [
            6.33696,
            50.85873
          ],
          [
            6.32637,
            50.85076
          ],
          [
            6.3052,
            50.83483
          ],
          [
            6.29461,
            50.82687
          ],
          [
            6.28403,
            50.8189
          ],
          [
            6.27344,
            50.81094
          ],
          [
            6.26286,
            50.80297
          ],
          [
            6.25227,
            50.79501
          ],
          [
            6.24169,
            50.78704
          ],
          [
            6.2311,
            50.77907
          ],
          [
            6.22052,
            50.77111
          ],
          [
            6.19934,
            50.75518
          ],
          [
            6.18876,
            50.74721
          ],
          [
            6.17817,
            50.73925
          ],
          [
            6.16759,
            50.73128
          ],
          [
            6.157,
            50.72332
          ],
          [
            6.14642,
            50.71535
          ],
          [
            6.13583,
            50.70739
          ],
          [
            6.12525,
            50.69942
          ],
          [
            6.11466,
            50.69146
          ],
          [
            6.09349,
            50.67553
          ],
          [
            6.0829,
            50.66756
          ],
          [
            6.07232,
            50.6596
          ],
          [
            6.06173,
            50.65163
          ],
          [
            6.05115,
            50.64366
          ],
          [
            6.04056,
            50.6357
          ],
          [
            6.02998,
            50.62773
          ],
          [
            6.01939,
            50.61977
          ],
          [
            6.0088,
            50.6118
          ],
          [
            5.98763,
            50.59587
          ],
          [
            5.97705,
            50.58791
          ],
          [
            5.96646,
            50.57994
          ],
          [
            5.95588,
            50.57198
          ],
          [
            5.94529,
            50.56401
          ],
          [
            5.9347,
            50.55605
          ],
          [
            5.92412,
            50.54808
          ],
          [
            5.91353,
            50.54012
          ],
          [
            5.90295,
            50.53215
          ],
          [
            5.88178,
            50.51622
          ],
          [
            5.87119,
            50.50825
          ],
          [
            5.86061,
            50.50029
          ],
          [
            5.85002,
            50.49232
          ],
          [
            5.83943,
            50.48436
          ],
          [
            5.82885,
            50.47639
          ],
          [
            5.81826,
            50.46843
          ],
          [
            5.80768,
            50.46046
          ],
          [
            5.79709,
            50.4525
          ],
          [
            5.77592,
            50.43657
          ],
          [
            5.76534,
            50.4286
          ],
          [
            5.75475,
            50.42064
          ],
          [
            5.74416,
            50.41267
          ],
          [
            5.73358,
            50.40471
          ],
          [
            5.72299,
            50.39674
          ],
          [
            5.71241,
            50.38878
          ],
          [
            5.70182,
            50.38081
          ],
          [
            5.69124,
            50.37284
          ],
          [
            5.67006,
            50.35691
          ],
          [
            5.65948,
            50.34895
          ],
          [
            5.64889,
            50.34098
          ],
          [
            5.63831,
            50.33302
          ],
          [
            5.62772,
            50.32505
          ],
          [
            5.61714,
            50.31709
          ],
          [
            5.60655,
            50.30912
          ],
          [
            5.59597,
            50.30116
          ],
          [
            5.58538,
            50.29319
          ],
          [
            5.56421,
            50.27726
          ],
          [
            5.55362,
            50.2693
          ],
          [
            5.54304,
            50.26133
          ],
          [
            5.53245,
            50.25337
          ],
          [
            5.52187,
            50.2454
          ],
          [
            5.51128,
            50.23743
          ],
          [
            5.5007,
            50.22947
          ],
          [
            5.49011,
            50.2215
          ],
          [
            5.47952,
            50.21354
          ]
        ]
      }
    },
    {
      "type": "Feature",
      "properties": {
        "callsign": "VLG567",
        "route": "Barcelona -> Oslo",
        "targetId": "T024",
        "stroke": "#1e3a8a",
        "stroke-width": 2,
        "stroke-opacity": 0.7
      },
      "geometry": {
        "type": "LineString",
        "coordinates": [
          [
            6.37988,
            50.89988
          ],
          [
            6.39047,
            50.90785
          ],
          [
            6.40105,
            50.91581
          ],
          [
            6.41164,
            50.92378
          ],
          [
            6.42222,
            50.93174
          ],
          [
            6.43281,
            50.93971
          ],
          [
            6.4434,
            50.94767
          ],
          [
            6.45398,
            50.95564
          ],
          [
            6.46457,
            50.9636
          ],
          [
            6.48574,
            50.97953
          ],
          [
            6.49632,
            50.9875
          ],
          [
            6.50691,
            50.99546
          ],
          [
            6.51157,
            50.99971
          ],
          [
            6.52153,
            51.0078
          ],
          [
            6.53291,
            51.01588
          ],
          [
            6.54287,
            51.02397
          ],
          [
            6.55425,
            51.03115
          ],
          [
            6.56421,
            51.03924
          ],
          [
            6.59159,
            51.05919
          ],
          [
            6.60218,
            51.06715
          ],
          [
            6.61277,
            51.07512
          ],
          [
            6.62335,
            51.08308
          ],
          [
            6.63394,
            51.09105
          ],
          [
            6.64452,
            51.09901
          ],
          [
            6.65511,
            51.10698
          ],
          [
            6.66569,
            51.11494
          ],
          [
            6.67628,
            51.12291
          ],
          [
            6.69745,
            51.13884
          ],
          [
            6.70804,
            51.1468
          ],
          [
            6.71862,
            51.15477
          ],
          [
            6.72921,
            51.16274
          ],
          [
            6.73979,
            51.1707
          ],
          [
            6.75038,
            51.17867
          ],
          [
            6.76096,
            51.18663
          ],
          [
            6.77155,
            51.1946
          ],
          [
            6.78213,
            51.20256
          ],
          [
            6.80331,
            51.21849
          ],
          [
            6.81389,
            51.22646
          ],
          [
            6.82448,
            51.23442
          ],
          [
            6.83506,
            51.24239
          ],
          [
            6.84565,
            51.25035
          ],
          [
            6.85623,
            51.25832
          ],
          [
            6.86682,
            51.26628
          ],
          [
            6.87741,
            51.27425
          ],
          [
            6.88799,
            51.28221
          ],
          [
            6.90916,
            51.29815
          ],
          [
            6.91975,
            51.30611
          ],
          [
            6.93033,
            51.31408
          ],
          [
            6.94092,
            51.32204
          ],
          [
            6.9515,
            51.33001
          ],
          [
            6.96209,
            51.33797
          ],
          [
            6.97268,
            51.34594
          ],
          [
            6.98326,
            51.3539
          ],
          [
            6.99385,
            51.36187
          ],
          [
            7.01502,
            51.3778
          ],
          [
            7.0256,
            51.38576
          ],
          [
            7.03619,
            51.39373
          ],
          [
            7.04677,
            51.40169
          ],
          [
            7.05736,
            51.40966
          ],
          [
            7.06795,
            51.41762
          ],
          [
            7.07853,
            51.42559
          ],
          [
            7.08912,
            51.43356
          ],
          [
            7.0997,
            51.44152
          ],
          [
            7.12087,
            51.45745
          ],
          [
            7.13146,
            51.46542
          ],
          [
            7.14204,
            51.47338
          ],
          [
            7.15263,
            51.48135
          ],
          [
            7.16322,
            51.48931
          ],
          [
            7.1738,
            51.49728
          ],
          [
            7.18439,
            51.50524
          ],
          [
            7.19497,
            51.51321
          ],
          [
            7.20556,
            51.52117
          ],
          [
            7.22673,
            51.5371
          ],
          [
            7.23732,
            51.54507
          ],
          [
            7.2479,
            51.55303
          ],
          [
            7.25849,
            51.561
          ],
          [
            7.26907,
            51.56897
          ],
          [
            7.27966,
            51.57693
          ],
          [
            7.29024,
            51.5849
          ],
          [
            7.30083,
            51.59286
          ],
          [
            7.31141,
            51.60083
          ],
          [
            7.33259,
            51.61676
          ],
          [
            7.34317,
            51.62472
          ],
          [
            7.35376,
            51.63269
          ],
          [
            7.36434,
            51.64065
          ],
          [
            7.37493,
            51.64862
          ],
          [
            7.38551,
            51.65658
          ],
          [
            7.3961,
            51.66455
          ],
          [
            7.40668,
            51.67251
          ],
          [
            7.41727,
            51.68048
          ],
          [
            7.43844,
            51.69641
          ],
          [
            7.44903,
            51.70438
          ],
          [
            7.45961,
            51.71234
          ],
          [
            7.4702,
            51.72031
          ],
          [
            7.48078,
            51.72827
          ],
          [
            7.49137,
            51.73624
          ],
          [
            7.50196,
            51.7442
          ],
          [
            7.51254,
            51.75217
          ],
          [
            7.52313,
            51.76013
          ],
          [
            7.5443,
            51.77606
          ],
          [
            7.55488,
            51.78403
          ],
          [
            7.56547,
            51.79199
          ],
          [
            7.57605,
            51.79996
          ],
          [
            7.58664,
            51.80792
          ],
          [
            7.59723,
            51.81589
          ],
          [
            7.60781,
            51.82385
          ],
          [
            7.6184,
            51.83182
          ],
          [
            7.62898,
            51.83979
          ]
        ]
      }
    },
    {
      "type": "Feature",
      "properties": {
        "callsign": "BAW891",
        "route": "London -> Amsterdam",
        "targetId": "T025",
        "stroke": "#1e3a8a",
        "stroke-width": 2,
        "stroke-opacity": 0.7
      },
      "geometry": {
        "type": "LineString",
        "coordinates": [
          [
            1.95621,
            50.95317
          ],
          [
            1.96785,
            50.96052
          ],
          [
            1.9795,
            50.96787
          ],
          [
            1.99114,
            50.97522
          ],
          [
            2.00279,
            50.98258
          ],
          [
            2.01443,
            50.98993
          ],
          [
            2.02608,
            50.99728
          ],
          [
            2.03772,
            51.00463
          ],
          [
            2.04937,
            51.01199
          ],
          [
            2.07266,
            51.02669
          ],
          [
            2.0843,
            51.03404
          ],
          [
            2.09595,
            51.0414
          ],
          [
            2.10759,
            51.04875
          ],
          [
            2.11923,
            51.0561
          ],
          [
            2.13088,
            51.06345
          ],
          [
            2.14252,
            51.07081
          ],
          [
            2.15417,
            51.07816
          ],
          [
            2.16581,
            51.08551
          ],
          [
            2.1891,
            51.10022
          ],
          [
            2.20075,
            51.10757
          ],
          [
            2.21239,
            51.11492
          ],
          [
            2.22404,
            51.12227
          ],
          [
            2.23568,
            51.12963
          ],
          [
            2.24733,
            51.13698
          ],
          [
            2.25897,
            51.14433
          ],
          [
            2.27062,
            51.15168
          ],
          [
            2.28226,
            51.15904
          ],
          [
            2.30555,
            51.17374
          ],
          [
            2.3172,
            51.18109
          ],
          [
            2.32884,
            51.18845
          ],
          [
            2.34049,
            51.1958
          ],
          [
            2.35213,
            51.20315
          ],
          [
            2.36378,
            51.2105
          ],
          [
            2.37542,
            51.21786
          ],
          [
            2.38707,
            51.22521
          ],
          [
            2.39871,
            51.23256
          ],
          [
            2.422,
            51.24727
          ],
          [
            2.43365,
            51.25462
          ],
          [
            2.44529,
            51.26197
          ],
          [
            2.45675,
            51.26921
          ],
          [
            2.46813,
            51.27639
          ],
          [
            2.47951,
            51.28358
          ],
          [
            2.49232,
            51.29166
          ],
          [
            2.5037,
            51.29885
          ],
          [
            2.51508,
            51.30604
          ],
          [
            2.53845,
            51.32079
          ],
          [
            2.55009,
            51.32814
          ],
          [
            2.56174,
            51.33549
          ],
          [
            2.57338,
            51.34285
          ],
          [
            2.58503,
            51.3502
          ],
          [
            2.59667,
            51.35755
          ],
          [
            2.60832,
            51.3649
          ],
          [
            2.61996,
            51.37226
          ],
          [
            2.63161,
            51.37961
          ],
          [
            2.6549,
            51.39431
          ],
          [
            2.66654,
            51.40167
          ],
          [
            2.67819,
            51.40902
          ],
          [
            2.68983,
            51.41637
          ],
          [
            2.70148,
            51.42372
          ],
          [
            2.71312,
            51.43108
          ],
          [
            2.72477,
            51.43843
          ],
          [
            2.73641,
            51.44578
          ],
          [
            2.74806,
            51.45313
          ],
          [
            2.77134,
            51.46784
          ],
          [
            2.78299,
            51.47519
          ],
          [
            2.79463,
            51.48254
          ],
          [
            2.80628,
            51.4899
          ],
          [
            2.81792,
            51.49725
          ],
          [
            2.82957,
            51.5046
          ],
          [
            2.84121,
            51.51195
          ],
          [
            2.85286,
            51.51931
          ],
          [
            2.8645,
            51.52666
          ],
          [
            2.88779,
            51.54136
          ],
          [
            2.89944,
            51.54872
          ],
          [
            2.91108,
            51.55607
          ],
          [
            2.92273,
            51.56342
          ],
          [
            2.93437,
            51.57077
          ],
          [
            2.94602,
            51.57813
          ],
          [
            2.95766,
            51.58548
          ],
          [
            2.96931,
            51.59283
          ],
          [
            2.98095,
            51.60018
          ],
          [
            3.00424,
            51.61489
          ],
          [
            3.01589,
            51.62224
          ],
          [
            3.02753,
            51.62959
          ],
          [
            3.03918,
            51.63695
          ],
          [
            3.05082,
            51.6443
          ],
          [
            3.06247,
            51.65165
          ],
          [
            3.07411,
            51.659
          ],
          [
            3.08575,
            51.66636
          ],
          [
            3.0974,
            51.67371
          ],
          [
            3.12069,
            51.68841
          ],
          [
            3.13233,
            51.69577
          ],
          [
            3.14398,
            51.70312
          ],
          [
            3.15562,
            51.71047
          ],
          [
            3.16727,
            51.71782
          ],
          [
            3.17891,
            51.72518
          ],
          [
            3.19056,
            51.73253
          ],
          [
            3.2022,
            51.73988
          ],
          [
            3.21385,
            51.74723
          ],
          [
            3.23714,
            51.76194
          ],
          [
            3.24878,
            51.76929
          ],
          [
            3.26043,
            51.77664
          ],
          [
            3.27207,
            51.78399
          ],
          [
            3.28372,
            51.79135
          ],
          [
            3.29536,
            51.7987
          ],
          [
            3.30701,
            51.80605
          ],
          [
            3.31865,
            51.8134
          ],
          [
            3.3303,
            51.82076
          ]
        ]
      }
    },
    {
      "type": "Feature",
      "properties": {
        "callsign": "KLM234",
        "route": "Amsterdam -> London",
        "targetId": "T026",
        "stroke": "#1e3a8a",
        "stroke-width": 2,
        "stroke-opacity": 0.7
      },
      "geometry": {
        "type": "LineString",
        "coordinates": [
          [
            3.04266,
            51.63914
          ],
          [
            3.03101,
            51.63179
          ],
          [
            3.01937,
            51.62444
          ],
          [
            3.00772,
            51.61709
          ],
          [
            2.99608,
            51.60973
          ],
          [
            2.98443,
            51.60238
          ],
          [
            2.97279,
            51.59503
          ],
          [
            2.96114,
            51.58768
          ],
          [
            2.9495,
            51.58032
          ],
          [
            2.92621,
            51.56562
          ],
          [
            2.91457,
            51.55827
          ],
          [
            2.90292,
            51.55091
          ],
          [
            2.89128,
            51.54356
          ],
          [
            2.87963,
            51.53621
          ],
          [
            2.86799,
            51.52886
          ],
          [
            2.85634,
            51.52151
          ],
          [
            2.8447,
            51.51415
          ],
          [
            2.83305,
            51.5068
          ],
          [
            2.80976,
            51.4921
          ],
          [
            2.79812,
            51.48474
          ],
          [
            2.78647,
            51.47739
          ],
          [
            2.77483,
            51.47004
          ],
          [
            2.76318,
            51.46269
          ],
          [
            2.75154,
            51.45533
          ],
          [
            2.73989,
            51.44798
          ],
          [
            2.72825,
            51.44063
          ],
          [
            2.7166,
            51.43328
          ],
          [
            2.69331,
            51.41857
          ],
          [
            2.68167,
            51.41122
          ],
          [
            2.67002,
            51.40387
          ],
          [
            2.65838,
            51.39651
          ],
          [
            2.64673,
            51.38916
          ],
          [
            2.63509,
            51.38181
          ],
          [
            2.62344,
            51.37446
          ],
          [
            2.6118,
            51.3671
          ],
          [
            2.60015,
            51.35975
          ],
          [
            2.57687,
            51.34505
          ],
          [
            2.56522,
            51.33769
          ],
          [
            2.55358,
            51.33034
          ],
          [
            2.54212,
            51.3231
          ],
          [
            2.53073,
            51.31592
          ],
          [
            2.51935,
            51.30873
          ],
          [
            2.50655,
            51.30065
          ],
          [
            2.49516,
            51.29346
          ],
          [
            2.48378,
            51.28627
          ],
          [
            2.46042,
            51.27152
          ],
          [
            2.44877,
            51.26417
          ],
          [
            2.43713,
            51.25682
          ],
          [
            2.42548,
            51.24946
          ],
          [
            2.41384,
            51.24211
          ],
          [
            2.40219,
            51.23476
          ],
          [
            2.39055,
            51.22741
          ],
          [
            2.3789,
            51.22005
          ],
          [
            2.36726,
            51.2127
          ],
          [
            2.34397,
            51.198
          ],
          [
            2.33232,
            51.19064
          ],
          [
            2.32068,
            51.18329
          ],
          [
            2.30903,
            51.17594
          ],
          [
            2.29739,
            51.16859
          ],
          [
            2.28574,
            51.16123
          ],
          [
            2.2741,
            51.15388
          ],
          [
            2.26246,
            51.14653
          ],
          [
            2.25081,
            51.13918
          ],
          [
            2.22752,
            51.12447
          ],
          [
            2.21588,
            51.11712
          ],
          [
            2.20423,
            51.10977
          ],
          [
            2.19259,
            51.10241
          ],
          [
            2.18094,
            51.09506
          ],
          [
            2.1693,
            51.08771
          ],
          [
            2.15765,
            51.08036
          ],
          [
            2.14601,
            51.073
          ],
          [
            2.13436,
            51.06565
          ],
          [
            2.11107,
            51.05095
          ],
          [
            2.09943,
            51.0436
          ],
          [
            2.08778,
            51.03624
          ],
          [
            2.07614,
            51.02889
          ],
          [
            2.06449,
            51.02154
          ],
          [
            2.05285,
            51.01419
          ],
          [
            2.0412,
            51.00683
          ],
          [
            2.02956,
            50.99948
          ],
          [
            2.01791,
            50.99213
          ],
          [
            1.99462,
            50.97742
          ],
          [
            1.98298,
            50.97007
          ],
          [
            1.97133,
            50.96272
          ],
          [
            1.95969,
            50.95537
          ],
          [
            1.94805,
            50.94801
          ],
          [
            1.9364,
            50.94066
          ],
          [
            1.92476,
            50.93331
          ],
          [
            1.91311,
            50.92596
          ],
          [
            1.90147,
            50.9186
          ],
          [
            1.87818,
            50.9039
          ],
          [
            1.86653,
            50.89655
          ],
          [
            1.85489,
            50.88919
          ],
          [
            1.84324,
            50.88184
          ],
          [
            1.8316,
            50.87449
          ],
          [
            1.81995,
            50.86714
          ],
          [
            1.80831,
            50.85978
          ],
          [
            1.79666,
            50.85243
          ],
          [
            1.78502,
            50.84508
          ],
          [
            1.76173,
            50.83037
          ],
          [
            1.75008,
            50.82302
          ],
          [
            1.73844,
            50.81567
          ],
          [
            1.72679,
            50.80832
          ],
          [
            1.71515,
            50.80096
          ],
          [
            1.7035,
            50.79361
          ],
          [
            1.69186,
            50.78626
          ],
          [
            1.68021,
            50.77891
          ],
          [
            1.66857,
            50.77155
          ]
        ]
      }
    },
    {
      "type": "Feature",
      "properties": {
        "callsign": "AFR567",
        "route": "Paris -> Cologne",
        "targetId": "T027",
        "stroke": "#1e3a8a",
        "stroke-width": 2,
        "stroke-opacity": 0.7
      },
      "geometry": {
        "type": "LineString",
        "coordinates": [
          [
            2.86075,
            51.47503
          ],
          [
            2.86638,
            51.46526
          ],
          [
            2.87202,
            51.45549
          ],
          [
            2.87765,
            51.44572
          ],
          [
            2.88328,
            51.43595
          ],
          [
            2.88891,
            51.42618
          ],
          [
            2.89455,
            51.4164
          ],
          [
            2.90018,
            51.40663
          ],
          [
            2.90581,
            51.39686
          ],
          [
            2.91708,
            51.37732
          ],
          [
            2.92271,
            51.36755
          ],
          [
            2.92834,
            51.35778
          ],
          [
            2.93397,
            51.34801
          ],
          [
            2.93961,
            51.33824
          ],
          [
            2.94524,
            51.32847
          ],
          [
            2.95087,
            51.3187
          ],
          [
            2.9565,
            51.30893
          ],
          [
            2.96214,
            51.29915
          ],
          [
            2.9734,
            51.27961
          ],
          [
            2.97903,
            51.26984
          ],
          [
            2.98467,
            51.26007
          ],
          [
            2.9903,
            51.2503
          ],
          [
            2.99593,
            51.24053
          ],
          [
            3.00156,
            51.23076
          ],
          [
            3.0072,
            51.22099
          ],
          [
            3.01283,
            51.21122
          ],
          [
            3.01846,
            51.20145
          ],
          [
            3.02973,
            51.1819
          ],
          [
            3.03536,
            51.17213
          ],
          [
            3.04099,
            51.16236
          ],
          [
            3.04662,
            51.15259
          ],
          [
            3.05226,
            51.14282
          ],
          [
            3.05789,
            51.13305
          ],
          [
            3.06352,
            51.12328
          ],
          [
            3.06915,
            51.11351
          ],
          [
            3.07479,
            51.10374
          ],
          [
            3.08605,
            51.08419
          ],
          [
            3.09168,
            51.07442
          ],
          [
            3.09732,
            51.06465
          ],
          [
            3.10295,
            51.05488
          ],
          [
            3.10858,
            51.04511
          ],
          [
            3.11421,
            51.03534
          ],
          [
            3.11985,
            51.02557
          ],
          [
            3.12548,
            51.0158
          ],
          [
            3.13111,
            51.00603
          ],
          [
            3.14238,
            50.98649
          ],
          [
            3.14801,
            50.97672
          ],
          [
            3.15364,
            50.96694
          ],
          [
            3.15927,
            50.95717
          ],
          [
            3.16491,
            50.9474
          ],
          [
            3.17054,
            50.93763
          ],
          [
            3.17617,
            50.92786
          ],
          [
            3.1818,
            50.91809
          ],
          [
            3.18743,
            50.90832
          ],
          [
            3.1987,
            50.88878
          ],
          [
            3.20433,
            50.87901
          ],
          [
            3.20996,
            50.86924
          ],
          [
            3.2156,
            50.85946
          ],
          [
            3.22123,
            50.84969
          ],
          [
            3.22686,
            50.83992
          ],
          [
            3.23249,
            50.83015
          ],
          [
            3.23813,
            50.82038
          ],
          [
            3.24376,
            50.81061
          ],
          [
            3.25502,
            50.79107
          ],
          [
            3.26066,
            50.7813
          ],
          [
            3.26629,
            50.77153
          ],
          [
            3.27192,
            50.76176
          ],
          [
            3.27755,
            50.75199
          ],
          [
            3.28319,
            50.74221
          ],
          [
            3.28882,
            50.73244
          ],
          [
            3.29445,
            50.72267
          ],
          [
            3.30008,
            50.7129
          ],
          [
            3.3104,
            50.69429
          ],
          [
            3.31609,
            50.68441
          ],
          [
            3.32178,
            50.67452
          ],
          [
            3.32747,
            50.66464
          ],
          [
            3.33316,
            50.65566
          ],
          [
            3.33885,
            50.64578
          ],
          [
            3.34454,
            50.6359
          ],
          [
            3.35078,
            50.62496
          ],
          [
            3.35641,
            50.61519
          ],
          [
            3.36767,
            50.59565
          ],
          [
            3.37331,
            50.58588
          ],
          [
            3.37894,
            50.57611
          ],
          [
            3.38457,
            50.56634
          ],
          [
            3.3902,
            50.55657
          ],
          [
            3.39584,
            50.5468
          ],
          [
            3.40147,
            50.53703
          ],
          [
            3.4071,
            50.52725
          ],
          [
            3.41273,
            50.51748
          ],
          [
            3.424,
            50.49794
          ],
          [
            3.42963,
            50.48817
          ],
          [
            3.43526,
            50.4784
          ],
          [
            3.4409,
            50.46863
          ],
          [
            3.44653,
            50.45886
          ],
          [
            3.45216,
            50.44909
          ],
          [
            3.45779,
            50.43932
          ],
          [
            3.46343,
            50.42955
          ],
          [
            3.46906,
            50.41978
          ],
          [
            3.48032,
            50.40023
          ],
          [
            3.48596,
            50.39046
          ],
          [
            3.49159,
            50.38069
          ],
          [
            3.49722,
            50.37092
          ],
          [
            3.50285,
            50.36115
          ],
          [
            3.50849,
            50.35138
          ],
          [
            3.51412,
            50.34161
          ],
          [
            3.51975,
            50.33184
          ],
          [
            3.52538,
            50.32207
          ]
        ]
      }
    },
    {
      "type": "Feature",
      "properties": {
        "callsign": "EZY789",
        "route": "London -> Geneva",
        "targetId": "T028",
        "stroke": "#1e3a8a",
        "stroke-width": 2,
        "stroke-opacity": 0.7
      },
      "geometry": {
        "type": "LineString",
        "coordinates": [
          [
            3.84541,
            49.85965
          ],
          [
            3.83977,
            49.86942
          ],
          [
            3.83414,
            49.87919
          ],
          [
            3.82851,
            49.88896
          ],
          [
            3.82288,
            49.89873
          ],
          [
            3.81724,
            49.9085
          ],
          [
            3.81161,
            49.91827
          ],
          [
            3.80598,
            49.92804
          ],
          [
            3.80035,
            49.93781
          ],
          [
            3.78908,
            49.95735
          ],
          [
            3.78345,
            49.96713
          ],
          [
            3.77782,
            49.9769
          ],
          [
            3.77218,
            49.98667
          ],
          [
            3.76655,
            49.99644
          ],
          [
            3.76092,
            50.00621
          ],
          [
            3.75529,
            50.01598
          ],
          [
            3.74966,
            50.02575
          ],
          [
            3.74402,
            50.03552
          ],
          [
            3.73276,
            50.05506
          ],
          [
            3.72713,
            50.06483
          ],
          [
            3.72149,
            50.0746
          ],
          [
            3.71586,
            50.08438
          ],
          [
            3.71023,
            50.09415
          ],
          [
            3.7046,
            50.10392
          ],
          [
            3.69896,
            50.11369
          ],
          [
            3.69333,
            50.12346
          ],
          [
            3.6877,
            50.13323
          ],
          [
            3.67643,
            50.15277
          ],
          [
            3.6708,
            50.16254
          ],
          [
            3.66517,
            50.17231
          ],
          [
            3.65954,
            50.18208
          ],
          [
            3.6539,
            50.19186
          ],
          [
            3.64827,
            50.20163
          ],
          [
            3.64264,
            50.2114
          ],
          [
            3.63701,
            50.22117
          ],
          [
            3.63137,
            50.23094
          ],
          [
            3.62011,
            50.25048
          ],
          [
            3.61448,
            50.26025
          ],
          [
            3.60884,
            50.27002
          ],
          [
            3.60321,
            50.27979
          ],
          [
            3.59758,
            50.28956
          ],
          [
            3.59195,
            50.29934
          ],
          [
            3.58631,
            50.30911
          ],
          [
            3.58068,
            50.31888
          ],
          [
            3.57505,
            50.32865
          ],
          [
            3.56378,
            50.34819
          ],
          [
            3.55815,
            50.35796
          ],
          [
            3.55252,
            50.36773
          ],
          [
            3.54689,
            50.3775
          ],
          [
            3.54125,
            50.38727
          ],
          [
            3.53562,
            50.39704
          ],
          [
            3.52999,
            50.40681
          ],
          [
            3.52436,
            50.41659
          ],
          [
            3.51872,
            50.42636
          ],
          [
            3.50746,
            50.4459
          ],
          [
            3.50183,
            50.45567
          ],
          [
            3.49619,
            50.46544
          ],
          [
            3.49056,
            50.47521
          ],
          [
            3.48493,
            50.48498
          ],
          [
            3.4793,
            50.49475
          ],
          [
            3.47366,
            50.50452
          ],
          [
            3.46803,
            50.51429
          ],
          [
            3.4624,
            50.52407
          ],
          [
            3.45113,
            50.54361
          ],
          [
            3.4455,
            50.55338
          ],
          [
            3.43987,
            50.56315
          ],
          [
            3.43424,
            50.57292
          ],
          [
            3.4286,
            50.58269
          ],
          [
            3.42297,
            50.59246
          ],
          [
            3.41734,
            50.60223
          ],
          [
            3.41171,
            50.612
          ],
          [
            3.40607,
            50.62177
          ],
          [
            3.39576,
            50.64039
          ],
          [
            3.39007,
            50.65027
          ],
          [
            3.38438,
            50.66015
          ],
          [
            3.37869,
            50.67003
          ],
          [
            3.373,
            50.67902
          ],
          [
            3.36731,
            50.6889
          ],
          [
            3.36162,
            50.69878
          ],
          [
            3.35538,
            50.70971
          ],
          [
            3.34975,
            50.71948
          ],
          [
            3.33848,
            50.73902
          ],
          [
            3.33285,
            50.7488
          ],
          [
            3.32722,
            50.75857
          ],
          [
            3.32159,
            50.76834
          ],
          [
            3.31595,
            50.77811
          ],
          [
            3.31032,
            50.78788
          ],
          [
            3.30469,
            50.79765
          ],
          [
            3.29906,
            50.80742
          ],
          [
            3.29342,
            50.81719
          ],
          [
            3.28216,
            50.83673
          ],
          [
            3.27653,
            50.8465
          ],
          [
            3.27089,
            50.85628
          ],
          [
            3.26526,
            50.86605
          ],
          [
            3.25963,
            50.87582
          ],
          [
            3.254,
            50.88559
          ],
          [
            3.24836,
            50.89536
          ],
          [
            3.24273,
            50.90513
          ],
          [
            3.2371,
            50.9149
          ],
          [
            3.22583,
            50.93444
          ],
          [
            3.2202,
            50.94421
          ],
          [
            3.21457,
            50.95398
          ],
          [
            3.20894,
            50.96375
          ],
          [
            3.2033,
            50.97353
          ],
          [
            3.19767,
            50.9833
          ],
          [
            3.19204,
            50.99307
          ],
          [
            3.18641,
            51.00284
          ],
          [
            3.18077,
            51.01261
          ]
        ]
      }
    },
    {
      "type": "Feature",
      "properties": {
        "callsign": "MAU101",
        "route": "Paris -> Warsaw",
        "targetId": "T029",
        "stroke": "#1e3a8a",
        "stroke-width": 2,
        "stroke-opacity": 0.7
      },
      "geometry": {
        "type": "LineString",
        "coordinates": [
          [
            4.21863,
            49.86637
          ],
          [
            4.23053,
            49.87389
          ],
          [
            4.24244,
            49.88141
          ],
          [
            4.25434,
            49.88892
          ],
          [
            4.26624,
            49.89644
          ],
          [
            4.27815,
            49.90395
          ],
          [
            4.29005,
            49.91147
          ],
          [
            4.30195,
            49.91898
          ],
          [
            4.31386,
            49.9265
          ],
          [
            4.33767,
            49.94153
          ],
          [
            4.34957,
            49.94905
          ],
          [
            4.36147,
            49.95656
          ],
          [
            4.37338,
            49.96408
          ],
          [
            4.38528,
            49.9716
          ],
          [
            4.39718,
            49.97911
          ],
          [
            4.40909,
            49.98663
          ],
          [
            4.42099,
            49.99414
          ],
          [
            4.43289,
            50.00166
          ],
          [
            4.4567,
            50.01669
          ],
          [
            4.4686,
            50.02421
          ],
          [
            4.48051,
            50.03172
          ],
          [
            4.49241,
            50.03924
          ],
          [
            4.50432,
            50.04675
          ],
          [
            4.51622,
            50.05427
          ],
          [
            4.52812,
            50.06179
          ],
          [
            4.54003,
            50.0693
          ],
          [
            4.55193,
            50.07682
          ],
          [
            4.57574,
            50.09185
          ],
          [
            4.58764,
            50.09936
          ],
          [
            4.59954,
            50.10688
          ],
          [
            4.61145,
            50.1144
          ],
          [
            4.62335,
            50.12191
          ],
          [
            4.63525,
            50.12943
          ],
          [
            4.64716,
            50.13694
          ],
          [
            4.65906,
            50.14446
          ],
          [
            4.67097,
            50.15198
          ],
          [
            4.69477,
            50.16701
          ],
          [
            4.70668,
            50.17452
          ],
          [
            4.71858,
            50.18204
          ],
          [
            4.73048,
            50.18956
          ],
          [
            4.74239,
            50.19707
          ],
          [
            4.75429,
            50.20459
          ],
          [
            4.76619,
            50.2121
          ],
          [
            4.7781,
            50.21962
          ],
          [
            4.79,
            50.22713
          ],
          [
            4.81381,
            50.24217
          ],
          [
            4.82571,
            50.24968
          ],
          [
            4.83762,
            50.2572
          ],
          [
            4.84952,
            50.26471
          ],
          [
            4.86142,
            50.27223
          ],
          [
            4.87333,
            50.27975
          ],
          [
            4.88523,
            50.28726
          ],
          [
            4.89713,
            50.29478
          ],
          [
            4.90904,
            50.30229
          ],
          [
            4.93284,
            50.31732
          ],
          [
            4.94475,
            50.32484
          ],
          [
            4.95665,
            50.33236
          ],
          [
            4.96856,
            50.33987
          ],
          [
            4.98046,
            50.34739
          ],
          [
            4.99236,
            50.3549
          ],
          [
            5.00427,
            50.36242
          ],
          [
            5.01617,
            50.36994
          ],
          [
            5.02807,
            50.37745
          ],
          [
            5.05188,
            50.39248
          ],
          [
            5.06378,
            50.4
          ],
          [
            5.07569,
            50.40751
          ],
          [
            5.08759,
            50.41503
          ],
          [
            5.0995,
            50.42255
          ],
          [
            5.1114,
            50.43006
          ],
          [
            5.1233,
            50.43758
          ],
          [
            5.13521,
            50.44509
          ],
          [
            5.14711,
            50.45261
          ],
          [
            5.17092,
            50.46764
          ],
          [
            5.18282,
            50.47516
          ],
          [
            5.19472,
            50.48267
          ],
          [
            5.20663,
            50.49019
          ],
          [
            5.21853,
            50.4977
          ],
          [
            5.23043,
            50.50522
          ],
          [
            5.24234,
            50.51274
          ],
          [
            5.25424,
            50.52025
          ],
          [
            5.26615,
            50.52777
          ],
          [
            5.28995,
            50.5428
          ],
          [
            5.30186,
            50.55032
          ],
          [
            5.31376,
            50.55783
          ],
          [
            5.32566,
            50.56535
          ],
          [
            5.33757,
            50.57286
          ],
          [
            5.34947,
            50.58038
          ],
          [
            5.36137,
            50.5879
          ],
          [
            5.37328,
            50.59541
          ],
          [
            5.38518,
            50.60293
          ],
          [
            5.40899,
            50.61796
          ],
          [
            5.42089,
            50.62547
          ],
          [
            5.4328,
            50.63299
          ],
          [
            5.44451,
            50.64039
          ],
          [
            5.45589,
            50.64757
          ],
          [
            5.4687,
            50.65566
          ],
          [
            5.48008,
            50.66285
          ],
          [
            5.49146,
            50.67003
          ],
          [
            5.50427,
            50.67812
          ],
          [
            5.52703,
            50.69249
          ],
          [
            5.53993,
            50.70063
          ],
          [
            5.55183,
            50.70815
          ],
          [
            5.56374,
            50.71566
          ],
          [
            5.57564,
            50.72318
          ],
          [
            5.58754,
            50.7307
          ],
          [
            5.59945,
            50.73821
          ],
          [
            5.61135,
            50.74573
          ],
          [
            5.62325,
            50.75324
          ]
        ]
      }
    },
    {
      "type": "Feature",
      "properties": {
        "callsign": "THY567",
        "route": "Warsaw -> Paris",
        "targetId": "T030",
        "stroke": "#1e3a8a",
        "stroke-width": 2,
        "stroke-opacity": 0.7
      },
      "geometry": {
        "type": "LineString",
        "coordinates": [
          [
            6.75576,
            51.4683
          ],
          [
            6.74386,
            51.46079
          ],
          [
            6.73195,
            51.45327
          ],
          [
            6.72005,
            51.44575
          ],
          [
            6.70815,
            51.43824
          ],
          [
            6.69624,
            51.43072
          ],
          [
            6.68434,
            51.42321
          ],
          [
            6.67244,
            51.41569
          ],
          [
            6.66053,
            51.40818
          ],
          [
            6.63673,
            51.39314
          ],
          [
            6.62482,
            51.38563
          ],
          [
            6.61292,
            51.37811
          ],
          [
            6.60101,
            51.3706
          ],
          [
            6.58911,
            51.36308
          ],
          [
            6.57721,
            51.35556
          ],
          [
            6.5653,
            51.34805
          ],
          [
            6.5534,
            51.34053
          ],
          [
            6.5415,
            51.33302
          ],
          [
            6.51769,
            51.31798
          ],
          [
            6.50579,
            51.31047
          ],
          [
            6.49388,
            51.30295
          ],
          [
            6.48198,
            51.29544
          ],
          [
            6.47007,
            51.28792
          ],
          [
            6.45817,
            51.28041
          ],
          [
            6.44627,
            51.27289
          ],
          [
            6.43436,
            51.26537
          ],
          [
            6.42246,
            51.25786
          ],
          [
            6.39865,
            51.24283
          ],
          [
            6.38675,
            51.23531
          ],
          [
            6.37485,
            51.22779
          ],
          [
            6.36294,
            51.22028
          ],
          [
            6.35104,
            51.21276
          ],
          [
            6.33914,
            51.20525
          ],
          [
            6.32723,
            51.19773
          ],
          [
            6.31533,
            51.19022
          ],
          [
            6.30342,
            51.1827
          ],
          [
            6.27962,
            51.16767
          ],
          [
            6.26771,
            51.16015
          ],
          [
            6.25581,
            51.15264
          ],
          [
            6.24391,
            51.14512
          ],
          [
            6.232,
            51.1376
          ],
          [
            6.2201,
            51.13009
          ],
          [
            6.2082,
            51.12257
          ],
          [
            6.19629,
            51.11506
          ],
          [
            6.18439,
            51.10754
          ],
          [
            6.16058,
            51.09251
          ],
          [
            6.14868,
            51.08499
          ],
          [
            6.13677,
            51.07748
          ],
          [
            6.12487,
            51.06996
          ],
          [
            6.11297,
            51.06245
          ],
          [
            6.10106,
            51.05493
          ],
          [
            6.08916,
            51.04741
          ],
          [
            6.07726,
            51.0399
          ],
          [
            6.06535,
            51.03238
          ],
          [
            6.04155,
            51.01735
          ],
          [
            6.02964,
            51.00984
          ],
          [
            6.01774,
            51.00232
          ],
          [
            6.00583,
            50.9948
          ],
          [
            5.99393,
            50.98729
          ],
          [
            5.98203,
            50.97977
          ],
          [
            5.97012,
            50.97226
          ],
          [
            5.95822,
            50.96474
          ],
          [
            5.94632,
            50.95722
          ],
          [
            5.92251,
            50.94219
          ],
          [
            5.91061,
            50.93468
          ],
          [
            5.8987,
            50.92716
          ],
          [
            5.8868,
            50.91964
          ],
          [
            5.8749,
            50.91213
          ],
          [
            5.86299,
            50.90461
          ],
          [
            5.85109,
            50.8971
          ],
          [
            5.83918,
            50.88958
          ],
          [
            5.82728,
            50.88207
          ],
          [
            5.80347,
            50.86703
          ],
          [
            5.79157,
            50.85952
          ],
          [
            5.77967,
            50.852
          ],
          [
            5.76776,
            50.84449
          ],
          [
            5.75586,
            50.83697
          ],
          [
            5.74396,
            50.82945
          ],
          [
            5.73205,
            50.82194
          ],
          [
            5.72015,
            50.81442
          ],
          [
            5.70824,
            50.80691
          ],
          [
            5.68444,
            50.79188
          ],
          [
            5.67253,
            50.78436
          ],
          [
            5.66063,
            50.77684
          ],
          [
            5.64873,
            50.76933
          ],
          [
            5.63682,
            50.76181
          ],
          [
            5.62492,
            50.7543
          ],
          [
            5.61302,
            50.74678
          ],
          [
            5.60111,
            50.73926
          ],
          [
            5.58921,
            50.73175
          ],
          [
            5.5654,
            50.71672
          ],
          [
            5.5535,
            50.7092
          ],
          [
            5.54159,
            50.70169
          ],
          [
            5.52988,
            50.69429
          ],
          [
            5.5185,
            50.6871
          ],
          [
            5.50569,
            50.67902
          ],
          [
            5.49431,
            50.67183
          ],
          [
            5.48293,
            50.66464
          ],
          [
            5.47012,
            50.65656
          ],
          [
            5.44736,
            50.64219
          ],
          [
            5.43446,
            50.63404
          ],
          [
            5.42256,
            50.62653
          ],
          [
            5.41066,
            50.61901
          ],
          [
            5.39875,
            50.6115
          ],
          [
            5.38685,
            50.60398
          ],
          [
            5.37494,
            50.59646
          ],
          [
            5.36304,
            50.58895
          ],
          [
            5.35114,
            50.58143
          ]
        ]
      }
    },
    {
      "type": "Feature",
      "properties": {
        "callsign": "EZY7823",
        "event": "Event 1: head-on conflict FL350/FL340",
        "stroke": "#dc2626",
        "stroke-width": 5,
        "stroke-opacity": 1.0
      },
      "geometry": {
        "type": "LineString",
        "coordinates": [
          [
            5.10305,
            51.50277
          ],
          [
            5.0931,
            51.49468
          ],
          [
            5.08171,
            51.4866
          ],
          [
            5.07175,
            51.47851
          ],
          [
            5.06037,
            51.47133
          ],
          [
            5.05041,
            51.46324
          ]
        ]
      }
    },
    {
      "type": "Feature",
      "properties": {
        "callsign": "AFR1234",
        "event": "Event 1: head-on conflict FL350/FL340",
        "stroke": "#dc2626",
        "stroke-width": 5,
        "stroke-opacity": 1.0
      },
      "geometry": {
        "type": "LineString",
        "coordinates": [
          [
            5.01769,
            51.44887
          ],
          [
            5.02765,
            51.45695
          ],
          [
            5.03903,
            51.46504
          ],
          [
            5.04899,
            51.47312
          ],
          [
            5.06037,
            51.48031
          ],
          [
            5.07033,
            51.48839
          ]
        ]
      }
    },
    {
      "type": "Feature",
      "properties": {
        "callsign": "RYR5678",
        "event": "Event 2: parallel opposite tracks FL390/FL380",
        "stroke": "#dc2626",
        "stroke-width": 5,
        "stroke-opacity": 1.0
      },
      "geometry": {
        "type": "LineString",
        "coordinates": [
          [
            4.29209,
            51.20632
          ],
          [
            4.3251,
            51.20632
          ],
          [
            4.34146,
            51.20632
          ],
          [
            4.35796,
            51.20632
          ],
          [
            4.37432,
            51.20632
          ],
          [
            4.39083,
            51.20632
          ],
          [
            4.40719,
            51.20632
          ]
        ]
      }
    },
    {
      "type": "Feature",
      "properties": {
        "callsign": "AUA789",
        "event": "Event 2: parallel opposite tracks FL390/FL380",
        "stroke": "#dc2626",
        "stroke-width": 5,
        "stroke-opacity": 1.0
      },
      "geometry": {
        "type": "LineString",
        "coordinates": [
          [
            4.40591,
            51.23327
          ],
          [
            4.37347,
            51.23327
          ],
          [
            4.35725,
            51.23327
          ],
          [
            4.34103,
            51.23327
          ],
          [
            4.32481,
            51.23327
          ],
          [
            4.30859,
            51.23327
          ],
          [
            4.29237,
            51.23327
          ]
        ]
      }
    },
    {
      "type": "Feature",
      "properties": {
        "callsign": "DLH612",
        "event": "Event 3: converging inbounds (gap at cycle 93)",
        "stroke": "#dc2626",
        "stroke-width": 5,
        "stroke-opacity": 1.0
      },
      "geometry": {
        "type": "LineString",
        "coordinates": [
          [
            4.46282,
            50.86497
          ],
          [
            4.43209,
            50.86497
          ],
          [
            4.40136,
            50.86497
          ],
          [
            4.38599,
            50.86497
          ],
          [
            4.37063,
            50.86497
          ]
        ]
      }
    },
    {
      "type": "Feature",
      "properties": {
        "callsign": "SAS535",
        "event": "Event 3: converging inbounds (gap at cycle 93)",
        "stroke": "#dc2626",
        "stroke-width": 5,
        "stroke-opacity": 1.0
      },
      "geometry": {
        "type": "LineString",
        "coordinates": [
          [
            4.40591,
            50.91886
          ],
          [
            4.39538,
            50.90063
          ],
          [
            4.38485,
            50.88248
          ],
          [
            4.37959,
            50.87332
          ],
          [
            4.37432,
            50.86425
          ]
        ]
      }
    },
    {
      "type": "Feature",
      "properties": {
        "callsign": "TAP456",
        "event": "Event 4: RVSM false positive FL350/FL365 (1,500 ft \u2014 cleared under RVSM)",
        "stroke": "#f97316",
        "stroke-width": 5,
        "stroke-opacity": 1.0
      },
      "geometry": {
        "type": "LineString",
        "coordinates": [
          [
            4.29209,
            51.56565
          ],
          [
            4.30859,
            51.56565
          ],
          [
            4.32496,
            51.56565
          ],
          [
            4.34146,
            51.56565
          ],
          [
            4.35796,
            51.56565
          ],
          [
            4.37432,
            51.56565
          ],
          [
            4.39083,
            51.56565
          ],
          [
            4.40719,
            51.56565
          ]
        ]
      }
    },
    {
      "type": "Feature",
      "properties": {
        "callsign": "LOT789",
        "event": "Event 4: RVSM false positive FL350/FL365 (1,500 ft \u2014 cleared under RVSM)",
        "stroke": "#f97316",
        "stroke-width": 5,
        "stroke-opacity": 1.0
      },
      "geometry": {
        "type": "LineString",
        "coordinates": [
          [
            4.40591,
            51.54768
          ],
          [
            4.38941,
            51.54768
          ],
          [
            4.37304,
            51.54768
          ],
          [
            4.35654,
            51.54768
          ],
          [
            4.34004,
            51.54768
          ],
          [
            4.32368,
            51.54768
          ],
          [
            4.30717,
            51.54768
          ],
          [
            4.29081,
            51.54768
          ]
        ]
      }
    },
    {
      "type": "Feature",
      "properties": {
        "callsign": "DLH234",
        "event": "Event 5: Germany head-on FL370/FL380",
        "stroke": "#dc2626",
        "stroke-width": 5,
        "stroke-opacity": 1.0
      },
      "geometry": {
        "type": "LineString",
        "coordinates": [
          [
            6.59694,
            51.05361
          ],
          [
            6.58698,
            51.04553
          ],
          [
            6.57559,
            51.03744
          ],
          [
            6.56564,
            51.02936
          ],
          [
            6.55425,
            51.02217
          ],
          [
            6.54429,
            51.01409
          ]
        ]
      }
    },
    {
      "type": "Feature",
      "properties": {
        "callsign": "VLG567",
        "event": "Event 5: Germany head-on FL370/FL380",
        "stroke": "#dc2626",
        "stroke-width": 5,
        "stroke-opacity": 1.0
      },
      "geometry": {
        "type": "LineString",
        "coordinates": [
          [
            6.51157,
            50.99971
          ],
          [
            6.52153,
            51.0078
          ],
          [
            6.53291,
            51.01588
          ],
          [
            6.54287,
            51.02397
          ],
          [
            6.55425,
            51.03115
          ],
          [
            6.56421,
            51.03924
          ]
        ]
      }
    },
    {
      "type": "Feature",
      "properties": {
        "callsign": "BAW891",
        "event": "Event 6: Channel crossing FL330/FL340",
        "stroke": "#dc2626",
        "stroke-width": 5,
        "stroke-opacity": 1.0
      },
      "geometry": {
        "type": "LineString",
        "coordinates": [
          [
            2.45675,
            51.26921
          ],
          [
            2.46813,
            51.27639
          ],
          [
            2.47951,
            51.28358
          ],
          [
            2.49232,
            51.29166
          ],
          [
            2.5037,
            51.29885
          ],
          [
            2.51508,
            51.30604
          ]
        ]
      }
    },
    {
      "type": "Feature",
      "properties": {
        "callsign": "KLM234",
        "event": "Event 6: Channel crossing FL330/FL340",
        "stroke": "#dc2626",
        "stroke-width": 5,
        "stroke-opacity": 1.0
      },
      "geometry": {
        "type": "LineString",
        "coordinates": [
          [
            2.54212,
            51.3231
          ],
          [
            2.53073,
            51.31592
          ],
          [
            2.51935,
            51.30873
          ],
          [
            2.50655,
            51.30065
          ],
          [
            2.49516,
            51.29346
          ],
          [
            2.48378,
            51.28627
          ]
        ]
      }
    },
    {
      "type": "Feature",
      "properties": {
        "callsign": "AFR567",
        "event": "Event 7: Lille head-on FL290/FL300",
        "stroke": "#dc2626",
        "stroke-width": 5,
        "stroke-opacity": 1.0
      },
      "geometry": {
        "type": "LineString",
        "coordinates": [
          [
            3.3104,
            50.69429
          ],
          [
            3.31609,
            50.68441
          ],
          [
            3.32178,
            50.67452
          ],
          [
            3.32747,
            50.66464
          ],
          [
            3.33316,
            50.65566
          ],
          [
            3.33885,
            50.64578
          ],
          [
            3.34454,
            50.6359
          ]
        ]
      }
    },
    {
      "type": "Feature",
      "properties": {
        "callsign": "EZY789",
        "event": "Event 7: Lille head-on FL290/FL300",
        "stroke": "#dc2626",
        "stroke-width": 5,
        "stroke-opacity": 1.0
      },
      "geometry": {
        "type": "LineString",
        "coordinates": [
          [
            3.39576,
            50.64039
          ],
          [
            3.39007,
            50.65027
          ],
          [
            3.38438,
            50.66015
          ],
          [
            3.37869,
            50.67003
          ],
          [
            3.373,
            50.67902
          ],
          [
            3.36731,
            50.6889
          ],
          [
            3.36162,
            50.69878
          ]
        ]
      }
    },
    {
      "type": "Feature",
      "properties": {
        "callsign": "MAU101",
        "event": "Event 8: Liege RVSM false positive FL380/FL395 (1,500 ft \u2014 cleared under RVSM)",
        "stroke": "#f97316",
        "stroke-width": 5,
        "stroke-opacity": 1.0
      },
      "geometry": {
        "type": "LineString",
        "coordinates": [
          [
            5.44451,
            50.64039
          ],
          [
            5.45589,
            50.64757
          ],
          [
            5.4687,
            50.65566
          ],
          [
            5.48008,
            50.66285
          ],
          [
            5.49146,
            50.67003
          ],
          [
            5.50427,
            50.67812
          ],
          [
            5.52703,
            50.69249
          ]
        ]
      }
    },
    {
      "type": "Feature",
      "properties": {
        "callsign": "THY567",
        "event": "Event 8: Liege RVSM false positive FL380/FL395 (1,500 ft \u2014 cleared under RVSM)",
        "stroke": "#f97316",
        "stroke-width": 5,
        "stroke-opacity": 1.0
      },
      "geometry": {
        "type": "LineString",
        "coordinates": [
          [
            5.52988,
            50.69429
          ],
          [
            5.5185,
            50.6871
          ],
          [
            5.50569,
            50.67902
          ],
          [
            5.49431,
            50.67183
          ],
          [
            5.48293,
            50.66464
          ],
          [
            5.47012,
            50.65656
          ],
          [
            5.44736,
            50.64219
          ]
        ]
      }
    }
  ]
}